x,y
0.05144,0
0.06942,0
0.07473,0
0.04043,0
0.05911,0
0.0495,0
0.04288,0
0.04656,0
0.04733,0
0.028,0
0.054,0
0.08214,0
0.08178,0
0.04722,0
0.0663,0
0.06244,0
0.05945,0
0.02683,0
0.05511,0
0.0548,0
0.04129,0
0.075,0
0.0494,0
0.028,0
0.04425,0
0.0665,0
0.08291,0
0.05375,0
0.05022,0
0.045,0
0.03688,0
0.049,0
0.04089,0
0.03525,0
0.0557,0
0.053,0
0.1204,0
0.05433,0
0.0888,0
0.05533,0
0.0796,0
0.02117,0
0.0684,0
0.0531,0
0.04129,0
0.0743,0
0.05182,0
0.034,0
0.04575,0
0.04573,0
0.081,0
0.045,0
0.07011,0
0.04,0
0.05362,0
0.086,0
0.05844,1
0.352,0
0.1264,1
0.32867,1
0.29033,0
0.14222,0
0.12467,0
0.05456,0
0.09389,0
0.02517,0
0.0813,0
0.0631,0
0.06275,0
0.0664,0
0.05618,0
0.03538,0
0.04188,0
0.05673,0
0.06667,0
0.066,0
0.05956,0
0.03971,0
0.07875,0
0.093,0
0.08344,0
0.05162,1
0.23667,0
0.08629,0
0.09889,0
0.05922,0
0.07712,0
0.0851,0
0.10033,0
0.02667,0
0.0708,0
0.0529,0
0.03043,0
0.0593,0
0.05545,0
0.04275,0
0.04111,0
0.05155,0
0.06244,0
0.04571,0
0.05533,0
0.04771,0
0.04812,0
0.03388,0
0.07167,0
0.04575,0
0.05522,0
0.0745,0
0.10767,0
0.073,0
0.10063,0
0.0771,0
0.07689,0
0.05317,0
0.0631,0
0.05764,0
0.02557,0
0.0599,0
0.05518,0
0.04575,0
0.04722,0
0.0506,0
0.05588,0
0.03871,0
0.09267,0
0.04486,0
0.05822,0
0.04178,0
0.04489,0
0.04375,0
0.03833,0
0.05588,0
0.04667,0
0.04633,0
0.03857,0
0.03256,0
0.05222,0
0.02133,0
0.05267,0
0.0458,0
0.03186,0
0.0563,0
0.05145,0
0.05267,0
0.04678,0
0.0324,0
0.03314,0
0.05388,0
0.06167,0
0.03529,0
0.06422,0
0.05078,0
0.0616,0
0.04838,0
0.04378,0
0.04371,0
0.05144,0
0.0446,0
0.02357,0
0.052,0
0.07412,0
0.02717,0
0.04578,0
0.04078,0
0.04214,0
0.0666,0
0.05573,0
0.05244,0
0.03544,0
0.03978,0
0.04657,0
0.07111,0
0.06144,0
0.05,0
0.058,0
0.041,0
0.0761,0
0.08144,0
0.07011,0
0.05486,0
0.05089,0
0.0621,0
0.02567,0
0.0394,0
0.053,0
0.02067,0
0.0803,0
0.05422,0
0.03429,0
0.0557,0
0.0492,0
0.06233,0
0.04311,0
0.03611,0
0.04114,0
0.063,0
0.06256,0
0.03686,0
0.063,0
0.0646,0
0.0716,0
0.08518,0
0.124,0
0.10417,0
0.05456,0
0.08689,0
0.02857,0
0.05264,0
0.04417,0
0.04214,0
0.0546,0
0.03622,0
0.03229,0
0.04211,0
0.03322,0
0.066,0
0.0498,0
0.04067,0
0.04143,0
0.05356,0
0.04911,0
0.04514,0
0.075,0
0.0748,0
0.06844,0
0.07191,0
0.12078,0
0.10933,1
0.23522,0
0.19156,0
0.04257,0
0.06173,0
0.076,0
0.04757,0
0.0492,0
0.0545,0
0.03786,0
0.0608,0
0.04556,0
0.03725,0
0.05245,0
0.044,0
0.03614,0
0.05367,0
0.05856,0
0.05238,0
0.13511,0
0.1156,0
0.08389,1
0.23891,0
0.13443,1
0.315,1
0.21237,1
0.43943,0
0.16171,0
0.0949,0
0.087,0
0.0865,0
0.06267,0
0.04038,0
0.1023,0
0.0628,0
0.05744,0
0.053,0
0.05236,0
0.04933,0
0.05443,0
0.04678,0
0.05275,0
0.05925,0
0.06922,0
0.04422,0
0.05244,0
0.05191,0
0.0794,0
0.05629,0
0.06433,0
0.0688,0
0.034,0
0.05509,0
0.0374,0
0.06078,0
0.043,0
0.04225,0
0.0652,0
0.0589,0
0.04389,0
0.05267,0
0.05482,0
0.06067,0
0.05286,0
0.06356,0
0.06688,0
0.0575,0
0.06167,0
0.04675,0
0.04488,0
0.05827,0
0.10111,0
0.16671,0
0.10022,0
0.0993,0
0.05986,0
0.08136,0
0.0496,0
0.09825,0
0.07111,0
0.07714,0
0.08267,0
0.06067,0
0.04462,0
0.05956,0
0.07927,0
0.06711,0
0.04943,0
0.05667,0
0.04412,0
0.05925,0
0.05311,0
0.04875,0
0.03483,0
0.0681,0
0.0925,0
0.08171,0
0.10667,0
0.1118,0
0.07289,0
0.12564,0
0.039,0
0.05162,0
0.05233,0
0.073,0
0.116,0
0.05556,0
0.03925,0
0.07367,0
0.05227,0
0.07445,0
0.05729,0
0.0745,0
0.05662,0
0.03812,0
0.045,0
0.04212,0
0.04317,0
0.051,0
0.0645,0
0.0825,0
0.04478,0
0.0697,0
0.04811,0
0.07182,0
0.04917,0
0.05,0
0.08538,0
0.0644,0
0.1385,0
0.05989,0
0.04088,0
0.0754,0
0.05645,0
0.07755,0
0.04457,0
0.06156,0
0.04888,0
0.05025,0
0.05556,0
0.059,0
0.02914,0
0.0545,0
0.08662,0
0.08544,0
0.05844,0
0.0627,0
0.06578,0
0.09909,0
0.0395,0
0.0571,0
0.0564,0
0.02567,0
0.0682,0
0.05509,0
0.0305,0
0.047,0
0.06009,0
0.07273,0
0.0545,0
0.05622,0
0.03743,0
0.04588,0
0.05125,0
0.04711,0
0.04438,0
0.0569,0
0.05257,0
0.0783,0
0.057,0
0.0524,0
0.04889,0
0.0893,0
0.02383,0
0.0691,0
0.0522,0
0.02967,0
0.0626,0
0.04982,0
0.02988,0
0.04388,0
0.05809,0
0.0626,0
0.051,0
0.05856,0
0.03786,0
0.049,0
0.05975,0
0.06689,0
0.04962,0
0.0537,0
0.06571,0
0.06233,0
0.05233,0
0.04767,0
0.05922,0
0.11756,0
0.061,0
0.0844,0
0.0811,0
0.061,0
0.0761,0
0.05473,0
0.03762,0
0.04475,0
0.0553,0
0.08022,0
0.05425,0
0.07033,0
0.046,0
0.0565,0
0.04488,0
0.04467,0
0.04162,0
0.04778,0
0.08529,0
0.09744,0
0.04178,0
0.05125,0
0.043,0
0.07962,0
0.0246,0
0.08711,0
0.05622,0
0.02657,0
0.0628,0
0.04973,0
0.04162,0
0.0446,0
0.05067,0
0.07089,0
0.04957,0
0.06,0
0.02867,0
0.07756,0
0.058,0
0.06856,0
0.0675,0
0.08167,0
0.05888,0
0.05878,0
0.04856,0
0.03814,0
0.15575,1
0.36943,0
0.1098,1
0.487,1
0.30375,0
0.16,0
0.1538,0
0.13509,0
0.11212,0
0.132,0
0.12344,0
0.081,0
0.05857,0
0.09133,0
0.08367,0
0.05925,0
0.08611,1
0.2151,0
0.06912,0
0.13633,1
0.22757,0
0.07889,0
0.09178,0
0.17129,0
0.1473,0
0.10775,0
0.02783,0
0.06022,0
0.0652,0
0.03529,0
0.0639,0
0.06336,0
0.05333,0
0.0572,0
0.03322,0
0.039,0
0.05888,0
0.05689,0
0.04857,0
0.08111,0
0.04467,0
0.0661,0
0.0606,0
0.071,0
0.07114,0
0.11089,0
0.06,0
0.04429,0
0.073,0
0.06286,0
0.02117,0
0.07278,0
0.05933,0
0.04071,0
0.073,0
0.05627,0
0.056,0
0.04878,0
0.04622,0
0.03914,0
0.07533,0
0.07422,0
0.02857,0
0.05411,0
0.05967,0
0.1663,0
0.19,0
0.17167,0
0.18814,0
0.09489,0
0.08444,0
0.11317,0
0.1168,0
0.06333,0
0.03333,0
0.1054,0
0.05789,0
0.03114,0
0.0705,0
0.0457,0
0.04662,0
0.0489,0
0.047,0
0.05386,0
0.07589,0
0.075,0
0.04129,0
0.05211,0
0.0737,1
0.311,1
0.22264,1
0.22489,1
0.33117,0
0.14256,1
0.20656,0
0.13771,0
0.1893,0
0.14267,0
0.11083,0
0.1366,0
0.07633,0
0.112,0
0.0693,0
0.0546,0
0.06088,0
0.058,0
0.04656,0
0.04029,0
0.06256,0
0.05522,0
0.05788,0
0.06289,0
0.05089,0
0.05622,0
0.06736,0
0.09811,0
0.059,0
0.06389,0
0.106,0
0.08414,0
0.07255,0
0.05983,0
0.02733,0
0.0601,0
0.04138,0
0.04012,0
0.0554,0
0.0427,0
0.04138,0
0.05573,0
0.04756,0
0.04943,0
0.06422,0
0.05556,0
0.051,0
0.06744,0
0.04644,0
0.06211,0
0.07118,0
0.11344,0
0.0535,0
0.052,0
0.11167,0
0.02886,0
0.059,0
0.0692,0
0.026,0
0.05656,0
0.04362,0
0.0603,0
0.04911,0
0.03944,0
0.0305,0
0.04482,0
0.05911,0
0.04471,0
0.05344,0
0.05388,0
0.04638,0
0.06311,0
0.04211,0
0.05467,0
0.07027,0
0.10938,0
0.06043,0
0.04833,0
0.05222,0
0.03429,0
0.07027,0
0.035,0
0.05575,0
0.04722,0
0.04925,0
0.0776,0
0.0571,0
0.04478,0
0.06178,0
0.06364,0
0.05411,0
0.05714,0
0.052,0
0.058,0
0.04225,0
0.06156,0
0.03738,0
0.06357,0
0.0551,0
0.063,0
0.04257,0
0.05289,0
0.0714,0
0.06022,0
0.07145,0
0.052,0
0.08162,0
0.0563,0
0.079,0
0.06789,0
0.058,0
0.04138,0
0.06556,0
0.05725,0
0.05922,0
0.04471,0
0.05244,0
0.05575,0
0.04225,0
0.04789,0
0.0335,0
0.03757,0
0.0554,0
0.07675,0
0.152,0
0.06867,0
0.0658,0
0.06178,0
0.05455,0
0.029,0
0.051,0
0.0482,0
0.05138,0
0.05767,0
0.03289,0
0.02975,0
0.04288,0
0.05942,0
0.0655,0
0.04743,0
0.0585,0
0.05363,0
0.04362,0
0.12422,0
0.03362,0
0.04214,0
0.0489,0
0.05962,0
0.0555,0
0.04378,0
0.0849,0
0.08411,0
0.14218,0
0.04167,0
0.05733,0
0.1135,0
0.08414,0
0.0828,0
0.03933,0
0.03862,0
0.05156,0
0.074,0
0.0633,0
0.12125,0
0.06878,0
0.05662,0
0.04588,0
0.06167,0
0.03288,0
0.03987,0
0.0483,0
0.06043,0
0.11067,0
0.07844,0
0.0867,0
0.05275,0
0.14827,0
0.08167,0
0.1169,0
0.0736,0
0.03383,0
0.0662,0
0.0579,0
0.05588,0
0.06056,0
0.07191,0
0.0567,0
0.07625,0
0.06111,0
0.04514,0
0.05125,0
0.067,0
0.0395,0
0.05312,0
0.0776,1
0.2625,0
0.1601,1
0.31288,1
0.247,0
0.15556,1
0.20378,0
0.14917,0
0.158,0
0.1363,0
0.07783,0
0.1232,0
0.06482,0
0.04212,0
0.04675,0
0.09645,0
0.07767,0
0.0955,0
0.09444,0
0.10386,0
0.098,0
0.09325,0
0.06862,0
0.0555,0
0.0623,1
0.3886,1
0.21256,0
0.06788,0
0.06212,0
0.06278,0
0.11878,0
0.09317,0
0.1072,0
0.0864,0
0.05086,0
0.0738,0
0.05318,0
0.04725,0
0.05167,0
0.08864,0
0.06867,0
0.0985,0
0.09488,0
0.04643,0
0.04962,0
0.06111,0
0.0455,0
0.04412,1
0.3967,1
0.31163,1
0.30737,1
0.92925,0
0.14857,0
0.11989,1
0.21611,1
0.20033,0
0.1612,0
0.1464,0
0.07043,0
0.0929,0
0.09655,0
0.05788,0
0.067,0
0.0505,0
0.04057,0
0.05214,0
0.07711,0
0.07314,0
0.07362,0
0.05478,0
0.06356,0
0.05662,0
0.0762,0
0.10238,0
0.06422,0
0.06822,0
0.03586,0
0.0516,0
0.08922,0
0.033,0
0.07333,0
0.0684,0
0.03986,0
0.06267,0
0.0576,0
0.05062,0
0.05544,0
0.049,0
0.044,0
0.05043,0
0.062,0
0.04143,0
0.05844,0
0.05,0
0.0656,0
0.04862,0
0.0499,0
0.06543,0
0.05622,0
0.058,0
0.03243,0
0.06289,0
0.07125,0
0.05433,0
0.06133,0
0.0779,0
0.04,0
0.0517,0
0.05418,0
0.057,0
0.04944,0
0.04411,0
0.05014,0
0.06125,0
0.06878,0
0.04386,0
0.06044,0
0.04844,0
0.0709,0
0.04833,0
0.05078,0
0.06371,0
0.07767,0
0.07722,0
0.1015,1
0.2441,1
0.25483,1
0.374,1
0.217,1
0.22133,0
0.14086,0
0.0915,0
0.07118,0
0.07467,0
0.04856,0
0.04722,0
0.04214,0
0.07675,0
0.07056,0
0.04571,0
0.06189,0
0.0605,0
0.0589,0
0.05736,0
0.10622,0
0.063,0
0.14644,0
0.0829,0
0.03229,0
0.0635,0
0.06229,0
0.03033,0
0.0726,0
0.04967,0
0.04529,0
0.0833,0
0.047,0
0.05456,0
0.0887,0
0.06356,0
0.07229,0
0.11767,0
0.1318,0
0.04657,0
0.1728,0
0.0863,0
0.08345,0
0.076,0
0.06411,0
0.05817,0
0.072,0
0.07144,0
0.04043,0
0.05691,0
0.08583,0
0.02167,0
0.0584,0
0.04267,0
0.04788,0
0.0636,0
0.05027,0
0.04443,0
0.0565,0
0.05588,0
0.0395,0
0.06022,0
0.04789,0
0.045,0
0.06178,0
0.0793,0
0.05511,0
0.0735,0
0.0619,0
0.04917,0
0.04911,0
0.088,0
0.03483,0
0.0662,0
0.071,0
0.03071,0
0.055,0
0.04788,0
0.04756,0
0.03767,0
0.0401,0
0.03114,0
0.0605,0
0.06,0
0.049,0
0.07722,0
0.05889,0
0.064,0
0.06911,0
0.053,0
0.09756,0
0.07042,0
0.0683,0
0.14357,0
0.10811,0
0.08444,0
0.04271,0
0.1,0
0.0282,0
0.04929,0
0.06511,0
0.04871,0
0.0584,0
0.04456,0
0.0492,0
0.04912,0
0.06982,0
0.05233,0
0.052,0
0.08567,0
0.06375,0
0.04638,0
0.069,0
0.03888,0
0.14611,0
0.14883,0
0.13722,0
0.10143,0
0.092,0
0.1132,0
0.05543,0
0.06655,0
0.035,0
0.09388,0
0.0625,0
0.056,0
0.0643,0
0.0485,0
0.0503,0
0.05538,0
0.07967,0
0.06722,0
0.04071,0
0.08233,0
0.05462,0
0.04462,0
0.118,0
0.1065,1
0.24843,0
0.17133,1
0.2695,1
0.35471,0
0.1057,0
0.09189,0
0.11025,0
0.08636,0
0.04686,0
0.162,0
0.1076,0
0.1135,0
0.07611,0
0.0739,0
0.04533,0
0.05556,0
0.07283,0
0.1055,0
0.054,0
0.06288,0
0.06012,0
0.03912,0
0.071,0
0.05425,0
0.04514,0
0.05664,0
0.07087,0
0.06887,0
0.04867,0
0.0742,0
0.05844,0
0.07673,0
0.0385,0
0.05588,0
0.0799,0
0.06329,0
0.12067,0
0.0996,0
0.07311,0
0.04767,0
0.08467,0
0.09545,0
0.05486,0
0.08856,0
0.06214,0
0.04738,0
0.05311,0
0.042,0
0.04657,0
0.11491,0
0.14171,0
0.08462,0
0.10078,0
0.1671,0
0.09875,0
0.19589,0
0.04833,0
0.08078,0
0.0561,0
0.04067,0
0.0626,0
0.0444,0
0.04211,0
0.04556,0
0.05391,0
0.10218,0
0.09833,0
0.17167,0
0.121,0
0.11412,0
0.16712,0
0.10212,0
0.138,0
0.18273,0
0.17957,1
0.212,0
0.19478,1
0.24011,0
0.0515,0
0.07588,0
0.06433,1
0.33278,1
0.26888,1
0.22117,1
0.2733,1
0.2464,1
0.28611,0
0.15057,1
0.21045,1
0.21911,1
0.2398,1
0.2205,0
0.14333,0
0.08057,0
0.0915,0
0.06963,0
0.07738,0
0.12027,1
0.37643,1
0.23743,1
0.48556,0
0.14489,0
0.06367,0
0.07425,0
0.02533,0
0.06956,0
0.06767,0
0.06629,0
0.1305,0
0.06555,0
0.06778,0
0.06229,0
0.06955,0
0.08686,0
0.0864,0
0.15413,0
0.14733,0
0.11514,0
0.09925,0
0.046,0
0.05475,0
0.08918,0
0.13229,1
0.21067,0
0.07933,0
0.1365,0
0.04422,0
0.075,0
0.02667,0
0.0958,0
0.0537,0
0.03033,0
0.0537,0
0.04555,0
0.04078,0
0.04733,0
0.06327,0
0.04671,0
0.05633,0
0.076,0
0.06367,0
0.04686,0
0.04967,0
0.06289,0
0.056,0
0.06082,0
0.074,0
0.05922,0
0.06967,0
0.12186,0
0.04667,0
0.11575,0
0.15517,0
0.15189,0
0.1047,0
0.09971,0
0.1656,0
0.10764,0
0.09633,0
0.06267,0
0.0579,0
0.04267,0
0.0375,0
0.06812,0
0.047,0
0.04933,0
0.04844,0
0.05333,0
0.05575,0
0.06255,0
0.06243,0
0.06689,0
0.04911,0
0.04229,0
0.07022,0
0.05329,0
0.10267,0
0.05567,0
0.0721,0
0.04471,0
0.0674,0
0.04564,0
0.04567,0
0.03989,0
0.05711,0
0.04229,0
0.04357,0
0.05822,0
0.028,0
0.06711,0
0.05067,0
0.0573,0
0.03438,0
0.05755,0
0.06229,0
0.05511,0
0.05056,0
0.03386,0
0.0581,0
0.05243,0
0.032,0
0.05589,0
0.05989,0
0.03914,0
0.068,0
0.05155,0
0.05533,0
0.05689,0
0.048,0
0.051,0
0.058,0
0.073,0
0.03771,0
0.06467,0
0.05667,0
0.0531,0
0.0638,0
0.06345,0
0.05314,0
0.06378,0
0.0573,0
0.0465,0
0.0716,0
0.047,0
0.02783,0
0.09811,0
0.052,0
0.06471,0
0.0916,0
0.0424,0
0.06689,0
0.04556,0
0.063,0
0.05157,0
0.07156,0
0.0712,0
0.03871,0
0.0592,0
0.06278,0
0.0652,0
0.07558,0
0.06745,0
0.05071,0
0.077,0
0.14022,0
0.14057,0
0.10318,0
0.0795,0
0.04967,0
0.08611,0
0.075,0
0.06257,0
0.10344,0
0.04344,0
0.11829,0
0.14911,0
0.15344,0
0.09471,0
0.133,0
0.078,0
0.08575,0
0.10667,0
0.0985,0
0.07567,0
0.08875,0
0.0584,0
0.034,0
0.0631,0
0.05856,0
0.03914,0
0.1873,0
0.0802,0
0.06267,0
0.078,0
0.04512,0
0.06412,0
0.0752,0
0.0428,0
0.04062,0
0.05718,0
0.04767,0
0.05625,0
0.04812,0
0.05625,0
0.042,0
0.05244,0
0.0688,0
0.09078,0
0.0845,0
0.0766,0
0.06371,0
0.0945,0
0.089,0
0.03514,0
0.0737,0
0.032,0
0.0435,0
0.07775,0
0.0535,0
0.09433,0
0.08156,0
0.0643,0
0.09263,0
0.07045,0
0.075,0
0.07114,0
0.06522,0
0.064,0
0.05975,0
0.05522,0
0.0725,0
0.05278,0
0.05767,0
0.05878,0
0.04529,0
0.0625,0
0.078,0
0.028,0
0.076,0
0.04417,0
0.03843,0
0.064,0
0.05725,0
0.0828,0
0.0542,0
0.0435,0
0.06322,0
0.05927,0
0.07833,0
0.07757,0
0.12311,0
0.11488,0
0.06525,0
0.06244,0
0.0455,0
0.05211,0
0.06783,0
0.06222,0
0.06829,0
0.0637,0
0.06456,0
0.056,0
0.11545,0
0.04417,0
0.06538,0
0.05567,0
0.06038,0
0.06656,0
0.049,0
0.0429,0
0.05333,0
0.06275,0
0.06044,0
0.05167,0
0.05225,0
0.05862,0
0.05238,0
0.062,0
0.04312,0
0.05025,0
0.06045,0
0.06588,0
0.04371,0
0.0565,0
0.0698,0
0.05744,0
0.085,0
0.04414,0
0.05575,0
0.0682,0
0.06163,0
0.12278,0
0.0978,0
0.056,0
0.06744,0
0.08767,0
0.06709,0
0.0405,0
0.05056,0
0.05525,0
0.05112,0
0.06089,0
0.03575,0
0.03943,0
0.07455,0
0.06062,0
0.05975,0
0.04544,0
0.0668,0
0.07644,0
0.14427,0
0.05071,0
0.08625,0
0.1859,0
0.07943,0
0.07767,0
0.0623,0
0.03978,0
0.04362,0
0.06317,0
0.07182,0
0.03617,0
0.06789,0
0.06725,0
0.05625,0
0.05678,0
0.04662,0
0.10338,0
0.09382,0
0.08971,0
0.18633,0
0.07933,0
0.1296,0
0.07456,1
0.21,0
0.07817,0
0.13578,0
0.1008,0
0.05357,0
0.0694,0
0.0432,0
0.048,0
0.053,0
0.06018,0
0.06473,0
0.06443,0
0.05478,0
0.03457,0
0.05525,0
0.03975,0
0.03512,0
0.0355,0
0.06445,0
0.05229,0
0.0717,0
0.05056,0
0.0718,0
0.12356,1
0.30067,1
0.38217,1
0.32456,1
0.22122,0
0.11617,0
0.0846,0
0.047,0
0.0538,0
0.07333,0
0.06327,0
0.0895,0
0.07429,0
0.08244,0
0.05643,0
0.04912,0
0.06588,0
0.05313,0
0.067,0
0.05045,0
0.04571,0
0.05011,0
0.04862,0
0.14637,0
0.17,1
0.20625,0
0.07017,0
0.14644,0
0.169,0
0.04967,0
0.0665,0
0.12327,0
0.0939,0
0.05088,0
0.08145,0
0.08062,0
0.05286,0
0.09078,0
0.05786,0
0.0575,0
0.06038,0
0.0625,0
0.1675,0
0.15655,1
0.21671,1
0.37778,0
0.04678,0
0.0975,0
0.04822,0
0.05356,0
0.16533,1
0.38589,1
0.3113,0
0.08667,0
0.0976,0
0.05482,0
0.0413,0
0.04522,0
0.0429,0
0.063,0
0.04857,0
0.06922,0
0.04543,0
0.05271,0
0.04638,0
0.04433,0
0.04138,0
0.05791,0
0.06229,0
0.16989,1
0.20722,0
0.16612,0
0.155,0
0.14488,0
0.13767,0
0.0835,0
0.0936,0
0.03917,0
0.0667,0
0.04973,0
0.0482,0
0.04522,0
0.0393,0
0.04286,0
0.039,0
0.05411,0
0.037,0
0.05714,0
0.06089,0
0.0689,0
0.0485,0
0.06073,0
0.05014,0
0.0512,0
0.04233,0
0.04329,0
0.0803,0
0.081,0
0.03333,0
0.06687,0
0.0672,0
0.03471,0
0.0578,0
0.06145,0
0.0413,0
0.04878,0
0.046,0
0.056,0
0.08443,0
0.1,0
0.05371,0
0.0939,0
0.06911,0
0.1033,1
0.2694,1
0.3405,1
0.24333,0
0.1024,0
0.05789,0
0.03771,0
0.07475,0
0.12314,0
0.03217,0
0.0989,0
0.06411,0
0.03671,0
0.0533,0
0.04382,0
0.0548,0
0.04489,0
0.04544,0
0.05,0
0.08256,0
0.06644,0
0.04029,0
0.0687,0
0.05633,0
0.0657,0
0.0886,0
0.08282,0
0.08157,0
0.1304,0
0.067,0
0.035,0
0.1159,0
0.0755,0
0.0335,0
0.0813,0
0.08589,0
0.05329,0
0.0693,0
0.05445,0
0.0583,0
0.0587,0
0.04322,0
0.06529,0
0.08256,0
0.07111,0
0.033,0
0.0572,0
0.05067,0
0.0651,0
0.06775,0
0.07073,0
0.05714,0
0.0599,0
0.05244,0
0.03271,0
0.079,0
0.07988,0
0.06171,0
0.1792,0
0.08733,0
0.05371,0
0.0694,0
0.0332,0
0.03611,0
0.0462,0
0.06,0
0.03817,0
0.06356,0
0.052,0
0.04538,0
0.066,0
0.0655,0
0.0825,0
0.08258,0
0.10427,0
0.07929,0
0.0696,0
0.102,0
0.03557,0
0.08027,0
0.041,0
0.06943,1
0.4468,0
0.14722,0
0.14856,1
0.28111,0
0.1317,0
0.089,0
0.09227,0
0.08211,0
0.0645,0
0.15689,0
0.10175,0
0.07712,0
0.17389,0
0.1043,0
0.11038,0
0.11725,1
0.2657,1
0.22743,0
0.1047,1
0.56483,0
0.13829,1
0.292,1
0.31,0
0.11288,0
0.0923,0
0.08388,0
0.0764,0
0.05289,0
0.04711,0
0.06567,0
0.10418,0
0.065,0
0.03667,0
0.06233,0
0.04575,0
0.05888,0
0.09156,0
0.06811,0
0.10288,0
0.08545,0
0.09722,0
0.06871,0
0.0739,0
0.199,0
0.16738,0
0.09918,1
0.24886,1
0.20725,1
0.21533,0
0.18488,0
0.13811,0
0.0786,0
0.06282,0
0.052,0
0.06375,0
0.08056,0
0.06667,0
0.08022,0
0.0695,0
0.06375,0
0.13789,0
0.05638,0
0.10638,0
0.08145,0
0.09288,0
0.072,0
0.0655,0
0.0794,0
0.06025,0
0.10436,0
0.06129,0
0.06725,0
0.1133,0
0.08625,0
0.08722,0
0.0688,0
0.05645,0
0.05556,0
0.05992,0
0.0637,0
0.04633,0
0.0637,0
0.06038,0
0.05575,0
0.09167,0
0.0335,0
0.04929,0
0.068,0
0.07137,1
0.27271,0
0.19,0
0.184,0
0.07233,0
0.12518,0
0.068,1
0.25187,1
0.2052,1
0.2325,0
0.14722,0
0.1084,0
0.084,0
0.06578,0
0.07092,0
0.08173,0
0.03783,0
0.10667,0
0.04962,0
0.048,0
0.05567,0
0.03812,0
0.03583,0
0.05173,0
0.06562,0
0.06167,0
0.04833,0
0.0948,0
0.07478,0
0.1162,0
0.04029,0
0.06712,0
0.075,0
0.06643,0
0.0604,0
0.07,0
0.0565,0
0.05912,0
0.07658,0
0.067,0
0.03983,0
0.04956,0
0.03586,0
0.04812,0
0.05162,0
0.0355,0
0.07112,0
0.06427,0
0.05671,0
0.0642,0
0.04833,0
0.0909,0
0.08278,0
0.1128,0
0.054,0
0.15256,0
0.1976,0
0.10457,0
0.0578,0
0.0446,0
0.0388,0
0.03825,0
0.05091,0
0.08322,0
0.0675,0
0.0665,0
0.0535,0
0.04486,0
0.06138,0
0.04112,0
0.06238,0
0.10527,1
0.25986,0
0.15409,0
0.14133,0
0.0895,0
0.0515,0
0.10489,0
0.0385,0
0.07033,0
0.0835,0
0.037,0
0.0646,0
0.0433,0
0.0536,0
0.03614,0
0.0557,0
0.10689,0
0.06717,0
0.084,0
0.07914,0
0.06725,0
0.06812,0
0.055,1
0.20187,0
0.07127,0
0.04657,0
0.065,0
0.04967,0
0.04922,0
0.04733,0
0.07089,0
0.02933,0
0.09489,0
0.095,0
0.05383,0
0.0565,0
0.04736,0
0.0563,0
0.03043,0
0.06182,0
0.071,0
0.05043,0
0.06167,0
0.05886,0
0.04043,0
0.05225,0
0.05733,0
0.04212,0
0.05109,0
0.05071,0
0.0944,0
0.05522,0
0.16362,0
0.0672,0
0.08811,0
0.02933,0
0.066,0
0.0746,0
0.0495,0
0.0758,0
0.058,0
0.0376,0
0.04538,0
0.039,0
0.07588,0
0.044,0
0.06822,0
0.029,0
0.05143,0
0.04478,0
0.04522,0
0.0885,0
0.14691,0
0.116,1
0.2906,0
0.19122,1
0.20825,0
0.1081,0
0.06022,0
0.0295,0
0.06288,1
0.22956,0
0.11357,0
0.1006,0
0.07836,0
0.0591,0
0.05633,0
0.0585,0
0.04517,0
0.044,0
0.059,0
0.031,0
0.0635,0
0.06711,0
0.0623,0
0.0505,0
0.05873,0
0.04233,0
0.054,0
0.04567,0
0.04157,0
0.0727,0
0.08656,0
0.04217,0
0.084,0
0.0911,0
0.05029,0
0.0559,0
0.05982,0
0.0408,0
0.05844,0
0.05333,0
0.05283,0
0.04214,0
0.05467,0
0.03233,0
0.059,0
0.053,0
0.0687,0
0.0532,0
0.05609,0
0.04867,0
0.069,0
0.04867,0
0.02283,0
0.0748,0
0.09387,0
0.04133,0
0.139,0
0.06467,0
0.02843,0
0.0601,0
0.04182,0
0.0397,0
0.04633,0
0.034,0
0.05483,0
0.058,0
0.068,0
0.04,0
0.0692,0
0.04144,0
0.075,0
0.0692,0
0.07191,0
0.0595,0
0.0582,0
0.0631,0
0.03486,0
0.1893,0
0.073,0
0.05286,0
0.1085,0
0.06289,0
0.05943,0
0.0928,0
0.03982,0
0.0456,0
0.049,0
0.06056,0
0.03883,0
0.05933,0
0.0659,0
0.04286,0
0.05622,0
0.0458,0
0.059,0
0.07,0
0.06064,0
0.06129,0
0.06233,0
0.05925,0
0.04583,0
0.0874,0
0.10338,0
0.07529,0
0.1685,0
0.13956,1
0.27214,0
0.1996,0
0.06227,0
0.04356,0
0.0577,0
0.05225,0
0.05814,0
0.05856,0
0.06256,0
0.04087,0
0.06522,0
0.0589,0
0.05444,0
0.099,0
0.10164,0
0.05167,0
0.06556,0
0.0665,0
0.0605,0
0.1716,0
0.04657,0
0.05657,0
0.0801,0
0.07722,0
0.15089,0
0.07467,0
0.05727,0
0.05867,0
0.0741,0
0.07187,0
0.05733,0
0.073,0
0.07522,0
0.03938,0
0.05778,0
0.0733,0
0.048,0
0.07883,0
0.10391,0
0.05317,0
0.08011,0
0.13688,0
0.06671,0
0.1331,0
0.059,1
0.20614,1
0.2229,0
0.12825,0
0.08889,0
0.0719,0
0.04273,0
0.0454,0
0.0533,0
0.05475,0
0.04017,0
0.06411,0
0.05213,0
0.0485,0
0.07178,0
0.03713,0
0.06012,0
0.10967,0
0.06767,0
0.04183,0
0.05267,0
0.06475,0
0.0895,0
0.10167,0
0.03571,0
0.04943,0
0.0693,0
0.05825,0
0.05789,0
0.0499,0
0.05473,0
0.0461,0
0.05936,0
0.06225,0
0.0335,0
0.065,0
0.04725,0
0.04938,0
0.06167,0
0.04075,0
0.08375,0
0.12873,1
0.28714,1
0.34971,0
0.16833,1
0.38275,1
0.22725,0
0.11378,0
0.07529,1
0.22486,1
0.30656,0
0.14487,0
0.08922,0
0.1086,0
0.0943,0
0.061,0
0.06309,0
0.06711,0
0.04133,0
0.0653,0
0.05288,0
0.04525,0
0.07478,0
0.04162,0
0.041,0
0.06264,0
0.064,0
0.05362,0
0.06944,0
0.09311,0
0.07562,0
0.10422,0
0.08129,0
0.16163,0
0.0834,0
0.07571,0
0.07478,0
0.0925,0
0.102,0
0.0841,0
0.0597,0
0.0718,0
0.0405,0
0.05267,0
0.05912,0
0.06212,0
0.08756,0
0.05188,0
0.03833,0
0.07973,0
0.07586,0
0.06578,0
0.04288,0
0.12412,0
0.11029,0
0.13433,0
0.04486,0
0.186,0
0.1315,0
0.07467,0
0.0784,0
0.0578,0
0.0494,0
0.04811,0
0.0592,0
0.1319,0
0.05583,0
0.09856,0
0.06014,0
0.06612,0
0.08025,0
0.04862,0
0.046,0
0.07655,0
0.06129,0
0.1152,0
0.04462,0
0.08178,0
0.08788,0
0.118,0
0.122,0
0.17589,0
0.1371,0
0.079,0
0.064,0
0.08644,0
0.09033,0
0.05511,0
0.0685,0
0.06525,0
0.06471,0
0.05544,0
0.05014,0
0.063,0
0.09488,0
0.06438,0
0.08757,0
0.087,0
0.113,1
0.2363,0
0.0645,0
0.08267,0
0.07025,0
0.0685,0
0.18833,1
0.52,1
0.5106,1
0.68217,1
0.46457,1
0.26973,0
0.1101,0
0.08971,0
0.059,0
0.05914,0
0.06571,0
0.06233,0
0.05971,0
0.06429,0
0.11538,0
0.07975,0
0.08171,0
0.104,1
0.22429,0
0.122,0
0.08512,1
0.6198,1
0.30975,1
0.57417,1
0.2935,1
0.58878,1
0.2345,0
0.049,0
0.0827,0
0.07927,1
0.2254,0
0.07011,0
0.07178,0
0.05633,0
0.06729,0
0.10511,0
0.07743,0
0.115,0
0.06012,0
0.03925,0
0.06762,0
0.06391,0
0.07112,0
0.06422,0
0.0555,0
0.0735,0
0.13057,0
0.11911,0
0.04067,0
0.068,0
0.1689,0
0.15583,0
0.1404,0
0.08445,1
0.2409,0
0.17167,0
0.12144,0
0.087,0
0.07471,0
0.08,0
0.06714,0
0.06129,0
0.09488,0
0.06962,0
0.09257,0
0.09327,0
0.115,0
0.12744,1
0.435,0
0.1835,0
0.15067,0
0.15956,0
0.10583,0
0.148,1
0.3458,1
0.258,1
0.2409,0
0.11155,0
0.1236,0
0.11544,0
0.12862,0
0.06867,0
0.07143,0
0.074,0
0.08567,0
0.12025,0
0.15522,0
0.0795,0
0.06129,0
0.05918,0
0.10167,0
0.17911,0
0.11975,0
0.10717,1
0.28133,1
0.68857,1
0.47833,1
0.27867,1
0.485,1
0.47133,1
0.73543,1
0.4664,1
0.34,1
0.59689,0
0.172,0
0.0855,0
0.087,0
0.1422,0
0.04317,0
0.07286,1
0.23344,1
0.244,1
0.58056,1
0.74422,1
0.29057,1
0.558,0
0,1
0.6895,1
0.4145,1
0.71675,1
0.41967,1
0.613,1
0.55167,0
0,1
0.64917,1
0.52933,1
0.52338,0
0,1
0.3255,1
0.3855,1
0.3495,0
0.1811,0
0.14486,1
0.23288,0
0.16322,0
0.1101,0
0.104,0
0.09255,0
0.05614,0
0.08,1
1.12329,1
0.429,1
0.355,1
0.2955,1
0.50183,1
0.3731,0
0.17512,1
0.27417,1
0.22867,1
0.217,1
0.2763,1
0.22989,1
0.22425,0
0.04517,0
0.06867,0
0.0939,0
0.06857,0
0.0725,0
0.0774,0
0.11833,0
0.18667,0
0.09791,0
0.06086,0
0.06878,0
0.06612,0
0.127,1
0.28957,0
0.09614,0
0.13086,1
0.295,0
0.09233,1
0.25825,0
0.06709,0
0.04655,0
0.03389,0
0.048,0
0.05762,0
0.06433,0
0.05544,0
0.059,0
0.06712,0
0.12767,0
0.0857,0
0.09912,0
0.101,0
0.10736,0
0.09143,0
0.072,0
0.10275,0
0.058,0
0.14013,0
0.126,0
0.10217,0
0.119,0
0.11489,0
0.05888,0
0.04744,0
0.06364,0
0.09322,0
0.0732,0
0.04675,0
0.04883,0
0.07122,0
0.06967,0
0.04943,0
0.0585,0
0.04988,0
0.0575,0
0.09608,0
0.06744,0
0.05233,0
0.06389,0
0.10825,0
0.06533,0
0.07888,0
0.051,0
0.06271,0
0.0742,0
0.05238,0
0.07444,0
0.0554,0
0.041,0
0.04522,0
0.0586,0
0.06025,0
0.03417,0
0.05489,0
0.04212,0
0.04014,0
0.05889,0
0.04,0
0.07237,0
0.06536,0
0.07056,0
0.04429,0
0.05878,0
0.0625,0
0.15938,0
0.18222,0
0.05243,0
0.072,0
0.1362,0
0.09962,0
0.13956,1
0.48167,0
0.18218,1
0.44644,0
0.19709,0
0.11533,0
0.10167,0
0.17544,0
0.06888,0
0.149,0
0.17911,1
0.20529,1
0.34783,1
0.52722,0
0.15675,0
0.18114,1
0.34422,1
0.43925,1
0.228,0
0.15956,0
0.07786,1
0.228,1
0.352,1
0.24012,0
0.10144,0
0.0481,0
0.04955,0
0.0548,0
0.09909,0
0.0956,0
0.04467,0
0.0682,0
0.05812,0
0.0485,0
0.0575,0
0.0515,0
0.0425,0
0.06664,0
0.06522,0
0.0656,0
0.04867,0
0.0878,0
0.12611,0
0.07143,0
0.06357,0
0.13462,0
0.1212,0
0.0675,0
0.07278,0
0.0695,0
0.0496,0
0.0754,0
0.06142,0
0.0704,0
0.04483,0
0.04978,0
0.04562,0
0.05112,0
0.05875,0
0.04575,0
0.03343,0
0.07264,0
0.072,0
0.0555,0
0.038,0
0.0589,0
0.05933,0
0.11044,0
0.04886,0
0.12812,0
0.1665,0
0.043,0
0.073,0
0.0517,0
0.0339,0
0.052,0
0.08045,0
0.0804,0
0.03,0
0.06522,0
0.05357,0
0.07412,0
0.1305,0
0.07738,0
0.07714,0
0.14291,0
0.12,0
0.06691,0
0.06089,0
0.108,0
0.07867,0
0.1065,0
0.06933,1
0.33022,0
0.1243,0
0.03483,0
0.0658,0
0.0872,0
0.0408,0
0.05578,0
0.06418,0
0.07578,0
0.06271,0
0.06044,0
0.03771,0
0.04912,0
0.05675,0
0.0415,0
0.037,0
0.05273,0
0.049,0
0.0981,0
0.041,0
0.07044,0
0.1356,0
0.1011,0
0.0365,0
0.12056,0
0.1022,0
0.12043,0
0.0595,0
0.05764,0
0.0401,0
0.04138,0
0.06364,0
0.05971,0
0.05457,0
0.06211,0
0.04929,0
0.05388,0
0.06638,0
0.04362,0
0.054,0
0.06009,0
0.04312,0
0.0504,0
0.04922,0
0.059,0
0.06633,0
0.07911,0
0.0335,0
0.08778,0
0.0844,0
0.046,0
0.047,0
0.0525,0
0.0319,0
0.04967,0
0.0519,0
0.04233,0
0.04743,0
0.06322,0
0.046,0
0.05738,0
0.0625,0
0.04988,0
0.04157,0
0.07027,0
0.07443,0
0.0512,0
0.04667,0
0.051,0
0.04944,0
0.1655,0
0.033,0
0.07675,0
0.0787,0
0.04486,0
0.0582,0
0.05783,0
0.0379,0
0.04022,0
0.0634,0
0.05267,0
0.05557,0
0.06044,0
0.03843,0
0.052,0
0.05211,0
0.062,0
0.04257,0
0.07418,0
0.08367,0
0.0461,0
0.06622,0
0.13829,0
0.0909,0
0.12089,0
0.09383,0
0.15212,0
0.09233,0
0.06914,0
0.0762,0
0.06525,0
0.0627,0
0.05589,0
0.06522,0
0.03867,0
0.05771,0
0.06044,0
0.03633,0
0.04688,0
0.06522,0
0.0677,0
0.046,0
0.06709,0
0.07486,0
0.0526,0
0.05489,0
0.11957,0
0.09789,0
0.10511,0
0.0495,0
0.19775,0
0.08578,0
0.17614,0
0.1624,0
0.1445,0
0.104,0
0.11278,0
0.08178,0
0.057,0
0.07575,0
0.07022,0
0.05583,0
0.0665,0
0.05444,0
0.065,0
0.08333,0
0.10273,0
0.04933,0
0.0798,0
0.127,0
0.07133,0
0.17644,1
0.20437,1
0.398,1
0.2069,0
0.17244,0
0.05317,0
0.0912,0
0.16909,0
0.06556,0
0.06722,0
0.059,0
0.052,0
0.06244,0
0.0771,0
0.04214,0
0.06622,0
0.04562,0
0.05,0
0.0587,0
0.06,0
0.05967,0
0.0517,0
0.05811,0
0.08057,0
0.13689,0
0.059,0
0.081,0
0.111,0
0.09478,0
0.055,0
0.0825,0
0.05464,0
0.04889,0
0.05422,0
0.07875,0
0.04171,0
0.07362,0
0.05988,0
0.06314,0
0.06089,0
0.05633,0
0.11833,1
0.30255,1
0.3106,0
0.16413,0
0.1206,0
0.10522,0
0.08086,0
0.1125,0
0.104,0
0.09543,0
0.0998,0
0.08744,0
0.04943,0
0.05589,0
0.03991,0
0.02878,0
0.06722,0
0.05175,0
0.0495,0
0.05667,0
0.07022,0
0.05012,0
0.06533,0
0.0445,0
0.16125,1
0.20518,0
0.13138,0
0.0505,0
0.0468,0
0.07067,0
0.04386,0
0.1053,0
0.05743,0
0.107,0
0.108,0
0.16063,0
0.1215,0
0.1197,0
0.05209,0
0.05589,0
0.0506,0
0.06512,0
0.03733,0
0.05456,0
0.05938,0
0.049,0
0.06111,0
0.03925,0
0.048,0
0.08045,0
0.07933,0
0.07286,0
0.06756,0
0.08175,0
0.05138,0
0.07711,0
0.04571,0
0.09163,1
0.212,0
0.1105,0
0.07367,0
0.0586,0
0.0377,0
0.0539,0
0.06391,0
0.0634,0
0.0485,0
0.0678,0
0.05463,0
0.05425,0
0.05089,0
0.04225,0
0.04017,0
0.07718,0
0.0595,0
0.05733,0
0.05367,0
0.0531,0
0.07378,0
0.12767,0
0.05586,0
0.12511,0
0.1356,0
0.09217,0
0.06522,0
0.0817,0
0.0576,0
0.04822,0
0.0682,0
0.1014,0
0.03517,0
0.05822,0
0.04171,0
0.05038,0
0.05229,0
0.04388,0
0.05314,0
0.15509,0
0.19425,0
0.0707,0
0.06122,0
0.0698,0
0.06133,0
0.08144,0
0.05557,0
0.09378,0
0.0689,0
0.05083,0
0.063,0
0.0431,0
0.0417,0
0.04744,0
0.0645,0
0.08589,0
0.0446,0
0.09225,0
0.03914,0
0.05088,0
0.052,0
0.04638,0
0.03686,0
0.06455,0
0.08575,0
0.078,0
0.049,0
0.0821,0
0.06411,0
0.11111,0
0.04083,1
0.20978,0
0.1354,0
0.07167,0
0.1498,0
0.0895,0
0.0589,0
0.08562,0
0.1144,0
0.08,0
0.08071,0
0.07111,0
0.03729,0
0.057,0
0.04425,0
0.04688,0
0.05043,0
0.07191,0
0.05467,0
0.055,0
0.04311,0
0.0895,0
0.07938,0
0.09744,0
0.03283,0
0.10275,0
0.1212,0
0.05583,0
0.0684,0
0.079,0
0.0979,0
0.07322,0
0.1026,0
0.08857,0
0.05171,0
0.07267,0
0.03414,0
0.047,0
0.048,0
0.04162,0
0.04662,0
0.05782,0
0.072,0
0.0575,0
0.05444,0
0.07675,0
0.058,0
0.11978,0
0.05833,0
0.071,1
0.236,1
0.4692,1
0.5122,1
0.99908,1
0.815,1
0.67533,1
0.87586,1
0.4035,1
0.4285,1
0.41325,1
0.22029,1
0.2025,1
0.21922,0
0.18978,1
0.35275,1
0.50211,0
0.17025,0
0.127,0
0.138,1
0.402,1
0.30356,1
0.2978,1
0.92,1
0.55333,1
0.27189,1
0.39133,1
0.25844,1
0.4317,1
0.2957,1
0.22389,1
0.29556,0
0.12767,0
0.08171,0
0.11022,0
0.08957,0
0.0805,0
0.09689,0
0.0965,0
0.09962,0
0.107,0
0.06071,0
0.0586,0
0.05022,0
0.11829,0
0.08267,0
0.12389,1
0.219,1
0.3964,1
0.85875,1
0.20967,0
0.1659,1
0.32758,1
0.27,0
0.16856,0
0.10262,0
0.07033,0
0.04929,0
0.0694,0
0.04357,0
0.07925,0
0.06867,0
0.06211,0
0.06811,0
0.07191,0
0.06443,0
0.0675,0
0.057,0
0.07333,0
0.08667,0
0.13544,0
0.12367,0
0.14838,0
0.10212,0
0.10257,0
0.0867,0
0.09533,0
0.0518,0
0.06544,0
0.11775,0
0.08967,0
0.07812,0
0.1065,0
0.09457,0
0.07711,0
0.07511,0
0.067,0
0.0675,0
0.05982,0
0.04557,0
0.0574,0
0.0619,1
0.34486,0
0.165,1
0.338,0
0.19971,1
0.34356,0
0.14456,1
0.20814,1
0.2284,0
0.13933,0
0.1432,1
0.2254,0
0.16414,0
0.08833,0
0.08411,0
0.0859,0
0.06214,0
0.05833,0
0.05722,0
0.07567,0
0.1193,0
0.1247,0
0.0995,0
0.1607,0
0.13275,0
0.09817,1
0.28311,0
0.152,0
0.10686,0
0.1261,0
0.1115,0
0.16717,1
0.38022,0
0.16464,0
0.07622,0
0.1328,0
0.105,0
0.101,0
0.06578,0
0.06467,0
0.06357,0
0.05622,0
0.04322,0
0.06788,0
0.10482,0
0.153,0
0.16033,0
0.09178,0
0.13475,0
0.09567,1
0.28325,0
0.13143,0
0.06986,0
0.1064,0
0.17589,0
0.07588,0
0.17456,0
0.12236,0
0.12667,0
0.15411,0
0.05171,0
0.05283,0
0.05567,0
0.06256,0
0.05275,0
0.05467,0
0.04278,0
0.05062,0
0.07091,0
0.09025,0
0.04514,0
0.0485,0
0.05367,0
0.04871,0
0.0529,0
0.04529,0
0.05357,0
0.0622,0
0.06538,0
0.05125,0
0.04388,0
0.05545,0
0.04644,0
0.05891,0
0.06075,0
0.04683,0
0.05122,0
0.0545,0
0.06312,0
0.05644,0
0.04638,0
0.043,0
0.0626,0
0.05875,0
0.04243,0
0.0394,0
0.05289,0
0.04938,0
0.061,0
0.04571,0
0.03843,0
0.0737,0
0.07129,0
0.074,0
0.07333,0
0.09918,0
0.0965,0
0.07727,0
0.0761,0
0.04367,0
0.05611,0
0.05737,0
0.047,0
0.05844,0
0.04438,0
0.03633,0
0.0642,0
0.0675,0
0.05114,0
0.0463,0
0.06456,0
0.07412,0
0.10722,0
0.04686,0
0.09388,1
0.2134,0
0.11375,0
0.10789,0
0.0663,0
0.06627,0
0.0798,0
0.12792,0
0.1457,0
0.02967,0
0.081,0
0.05629,0
0.06143,0
0.05925,0
0.04629,0
0.0282,0
0.0519,0
0.07289,0
0.06233,0
0.0602,0
0.07767,0
0.04475,0
0.07122,0
0.05086,0
0.07975,1
0.46667,1
0.27017,0
0.16044,1
0.641,0
0.1493,0
0.1545,0
0.11173,0
0.0857,0
0.0335,0
0.0649,0
0.05129,0
0.04629,0
0.04838,0
0.04786,0
0.03633,0
0.0557,0
0.05912,0
0.06233,0
0.05167,0
0.0581,0
0.06238,0
0.058,0
0.04586,0
0.15911,0
0.0923,0
0.09067,0
0.07211,0
0.0485,0
0.0326,0
0.04922,0
0.0801,0
0.06967,0
0.03883,0
0.05044,0
0.03814,0
0.05338,0
0.05512,0
0.03938,0
0.03729,0
0.0527,0
0.05988,0
0.06022,0
0.04133,0
0.0599,0
0.05475,0
0.08389,0
0.0295,0
0.06956,0
0.0745,0
0.062,0
0.1287,0
0.04322,0
0.036,0
0.05463,0
0.06362,0
0.09,0
0.05771,0
0.08044,0
0.04229,0
0.0595,0
0.04513,0
0.04038,0
0.04043,0
0.068,0
0.058,0
0.07733,0
0.059,0
0.08533,0
0.07362,0
0.06133,0
0.04033,0
0.05622,0
0.0948,0
0.07286,0
0.0852,0
0.0799,0
0.05311,0
0.04929,0
0.07762,0
0.06771,0
0.05486,0
0.04922,0
0.04214,0
0.04812,0
0.04938,0
0.03325,0
0.04729,0
0.05827,0
0.06067,0
0.0501,0
0.04956,0
0.06212,0
0.06711,0
0.06811,0
0.04817,0
0.17478,0
0.0801,0
0.09483,0
0.1212,0
0.08482,0
0.0638,0
0.05578,0
0.07622,0
0.06443,0
0.05529,0
0.07656,0
0.04071,0
0.07244,0
0.05125,0
0.04975,0
0.05675,0
0.07818,0
0.07178,0
0.0754,0
0.08722,0
0.11812,0
0.076,0
0.08556,0
0.03933,0
0.1135,0
0.0935,0
0.12429,0
0.1246,0
0.16042,0
0.0682,0
0.06111,0
0.06062,0
0.055,0
0.06114,0
0.08833,0
0.05714,0
0.06425,0
0.0525,0
0.05133,0
0.04812,0
0.078,0
0.069,0
0.0546,0
0.04211,0
0.06971,0
0.14644,0
0.14844,1
0.2915,1
0.7958,1
0.35389,1
0.4325,1
0.3514,1
0.72056,1
0.3664,1
0.38612,1
0.20843,0
0.05817,0
0.057,0
0.07111,0
0.05643,0
0.05225,0
0.05622,0
0.0643,0
0.04862,0
0.07,0
0.05086,0
0.0441,0
0.052,0
0.05243,0
0.07878,0
0.07456,0
0.03367,0
0.07087,0
0.08625,0
0.05986,0
0.0791,1
0.22758,0
0.0647,1
0.27389,1
0.50243,0
0.18183,0
0.094,0
0.086,0
0.038,0
0.06678,0
0.04889,0
0.059,0
0.05289,0
0.08336,0
0.08229,0
0.057,0
0.05733,0
0.05267,0
0.09588,1
0.44488,0
0.1275,0
0.12587,0
0.12238,0
0.08371,1
0.89963,0
0.17767,0
0.0975,0
0.06533,0
0.133,0
0.04067,0
0.05,0
0.0749,0
0.051,0
0.05444,0
0.05622,0
0.0767,0
0.0545,0
0.08536,0
0.06314,0
0.0509,0
0.073,0
0.062,0
0.14088,0
0.07643,0
0.174,0
0.07344,0
0.05571,0
0.044,0
0.05844,0
0.0344,0
0.0962,0
0.178,0
0.05986,0
0.0532,0
0.08738,0
0.07389,0
0.0445,0
0.06711,0
0.07289,0
0.06067,0
0.0647,0
0.08109,0
0.04886,0
0.0468,0
0.05467,0
0.04957,0
0.06689,0
0.05971,0
0.05371,0
0.16544,0
0.15862,0
0.04217,0
0.0524,0
0.04436,0
0.04789,0
0.07845,0
0.07486,0
0.0452,0
0.06275,0
0.05112,0
0.05729,0
0.07222,0
0.043,0
0.05988,0
0.0655,0
0.05575,0
0.0305,0
0.0492,0
0.05778,0
0.05214,0
0.04062,0
0.04486,0
0.04429,0
0.1016,0
0.11,0
0.06012,0
0.06878,0
0.05382,0
0.04489,0
0.08036,0
0.06671,0
0.0478,0
0.05862,0
0.07614,0
0.05414,0
0.05011,0
0.05233,0
0.04488,0
0.0627,0
0.05162,0
0.051,0
0.0511,0
0.04967,0
0.04529,0
0.05778,0
0.05143,0
0.04571,0
0.0554,0
0.09043,0
0.04875,0
0.05313,0
0.04909,0
0.03789,0
0.0745,0
0.08257,0
0.0386,0
0.06362,0
0.06486,0
0.04929,0
0.05889,0
0.03963,0
0.0495,0
0.0579,0
0.04838,0
0.05314,0
0.0464,0
0.05111,0
0.04525,0
0.09311,0
0.04857,0
0.04571,0
0.1295,0
0.16757,0
0.13144,0
0.10788,0
0.1257,0
0.113,0
0.11527,0
0.11433,0
0.0356,0
0.04888,0
0.06814,0
0.04314,0
0.063,0
0.04138,0
0.0655,0
0.0701,0
0.05271,0
0.05429,0
0.0464,0
0.05644,0
0.04971,0
0.07278,0
0.06,0
0.06214,0
0.155,1
0.25643,0
0.12888,0
0.09833,0
0.0548,0
0.1683,0
0.10764,0
0.1174,0
0.0755,0
0.0828,0
0.048,0
0.04625,0
0.05867,0
0.0375,0
0.04033,0
0.0579,0
0.04586,0
0.05589,0
0.0422,0
0.0563,0
0.04757,0
0.05622,0
0.05214,0
0.06238,0
0.1161,0
0.08267,0
0.09178,0
0.1263,0
0.0377,0
0.0509,0
0.0799,0
0.0704,0
0.03217,0
0.05611,0
0.03757,0
0.06425,0
0.0485,0
0.04888,0
0.04267,0
0.0519,0
0.05925,0
0.06422,0
0.053,0
0.06522,0
0.05871,0
0.10644,0
0.046,0
0.08844,0
0.1043,0
0.085,0
0.10867,1
0.54889,1
0.3489,1
0.20544,0
0.1246,0
0.088,0
0.04267,0
0.067,0
0.04629,0
0.05062,0
0.04825,0
0.04112,0
0.04929,0
0.0831,0
0.11075,0
0.18378,0
0.19156,1
0.39878,1
0.32233,1
0.66171,1
0.60733,0
0,1
0.471,1
0.4216,1
0.85757,1
0.60638,1
0.71033,1
0.40271,1
0.70162,1
0.5105,1
0.4665,1
0.3894,0
0.19957,0
0.10038,0
0.09225,0
0.0775,0
0.04886,0
0.1226,0
0.09667,0
0.0796,0
0.15689,0
0.1342,0
0.18738,1
0.47333,1
1.00617,1
0.89714,1
0.25725,1
0.28467,1
0.2877,1
0.36973,0
0.1038,0
0.17722,0
0.1976,1
0.24612,0
0.116,1
0.37271,1
0.3276,1
0.26333,0
0.18543,0
0.16711,0
0.10943,0
0.1989,0
0.09867,0
0.0996,0
0.10767,0
0.11512,0
0.05838,0
0.14762,0
0.17117,0
0.148,1
0.4355,0
0.14,0
0.1163,1
0.2069,1
0.2454,1
0.5115,1
0.46,1
0.41629,1
0.226,0
0.181,0
0.10871,0
0.10467,0
0.09175,0
0.08544,0
0.12438,0
0.1385,1
0.23944,0
0.1423,0
0.08511,0
0.10462,0
0.14888,0
0.18633,0
0.137,1
0.25875,0
0.11278,0
0.18771,0
0.1879,0
0.15717,0
0.0831,0
0.12222,0
0.15433,1
0.21686,0
0.13157,0
0.10067,0
0.073,0
0.10225,0
0.07162,0
0.08356,0
0.09175,0
0.05233,0
0.07925,0
0.0502,0
0.05333,0
0.12043,0
0.0675,0
0.07978,0
0.03667,0
0.06812,0
0.08911,0
0.08943,0
0.0619,0
0.117,0
0.0632,0
0.14389,0
0.11167,0
0.094,0
0.08886,0
0.10822,0
0.06571,0
0.066,0
0.07133,0
0.0676,0
0.101,0
0.07222,0
0.07057,0
0.0514,0
0.056,0
0.05714,0
0.0865,0
0.09811,0
0.072,0
0.09362,0
0.196,0
0.19943,1
0.29611,1
0.3842,1
0.3659,1
0.32,1
0.2235,0
0.07533,0
0.05586,0
0.0591,0
0.04929,0
0.06887,0
0.05889,0
0.0545,0
0.06389,0
0.19588,1
0.21333,1
0.3637,0
0.13089,0
0.19333,1
0.2085,0
0.13757,0
0.16586,0
0.09887,1
0.32125,1
0.4806,1
0.23878,0
0.16455,1
0.224,1
0.20744,0
0.16712,0
0.0636,0
0.06222,0
0.04856,0
0.04986,0
0.06044,0
0.04138,0
0.05722,0
0.05938,0
0.038,0
0.04614,0
0.0544,0
0.051,0
0.058,0
0.0751,0
0.07286,0
0.07714,0
0.179,0
0.09338,0
0.04033,0
0.0566,0
0.04636,0
0.03522,0
0.06389,0
0.06787,0
0.03633,0
0.06078,0
0.06189,0
0.03871,0
0.064,0
0.0465,0
0.05125,0
0.05922,0
0.08371,0
0.06343,0
0.052,0
0.05456,0
0.05183,0
0.0838,0
0.06843,0
0.08271,0
0.0861,0
0.09443,0
0.0805,0
0.14711,0
0.08182,0
0.04189,0
0.07,0
0.10012,0
0.05817,0
0.04122,0
0.06622,0
0.05538,0
0.04613,0
0.04744,0
0.05812,0
0.07255,0
0.04043,0
0.04267,0
0.0504,0
0.06133,0
0.04683,0
0.0714,0
0.05457,0
0.11329,0
0.0945,1
0.234,0
0.11538,0
0.11167,0
0.10691,0
0.12578,1
0.20467,0
0.16075,0
0.05733,0
0.09844,0
0.065,0
0.04425,0
0.06678,0
0.0475,0
0.05238,0
0.04344,0
0.0345,0
0.05583,0
0.0464,0
0.05111,0
0.0365,0
0.065,0
0.035,0
0.03671,0
0.0689,0
0.07357,0
0.04575,0
0.05325,0
0.05782,0
0.07422,0
0.0722,0
0.117,0
0.04483,0
0.06689,0
0.05587,0
0.04438,0
0.07111,0
0.04612,0
0.05438,0
0.0553,0
0.05333,0
0.05429,0
0.0545,0
0.06211,0
0.04986,0
0.06856,0
0.04014,0
0.05957,0
0.1569,0
0.09943,0
0.04512,0
0.04978,0
0.04545,0
0.0681,0
0.0623,0
0.0825,0
0.04983,0
0.06067,0
0.05862,0
0.037,0
0.05467,0
0.0415,0
0.03471,0
0.0697,0
0.041,0
0.04712,0
0.0571,0
0.07467,0
0.05029,0
0.09556,0
0.04729,0
0.185,0
0.1911,0
0.11483,0
0.13462,0
0.14422,0
0.09782,0
0.0852,0
0.08073,0
0.0766,0
0.03617,0
0.07378,0
0.07562,0
0.05612,0
0.05275,0
0.04462,0
0.04829,0
0.0628,0
0.05988,0
0.066,0
0.04675,0
0.07156,0
0.05129,0
0.07889,0
0.05614,0
0.06338,0
0.1133,0
0.047,0
0.13522,0
0.099,0
0.0737,0
0.092,0
0.0875,1
0.36444,0
0.093,0
0.07037,0
0.044,0
0.044,0
0.05088,0
0.03675,0
0.03686,0
0.0637,0
0.07163,0
0.06088,0
0.04133,0
0.073,0
0.04986,0
0.06589,0
0.05,0
0.08422,0
0.075,0
0.0538,0
0.05833,0
0.06844,0
0.0448,0
0.06233,0
0.0741,0
0.07044,0
0.03817,0
0.06689,0
0.05943,0
0.05525,0
0.06088,0
0.04712,0
0.05414,0
0.0652,0
0.07662,0
0.0485,0
0.04922,0
0.0773,0
0.06275,0
0.10811,0
0.05071,0
0.14289,0
0.115,1
0.2144,0
0.1744,0
0.07156,0
0.1554,0
0.09813,0
0.08591,0
0.09833,0
0.03733,0
0.06367,0
0.04129,0
0.066,0
0.05088,0
0.04188,0
0.04029,0
0.0588,0
0.06211,0
0.0514,0
0.04967,0
0.11689,0
0.06771,0
0.10911,0
0.15217,1
0.23022,0
0.1225,1
0.43429,1
0.2723,0
0.095,0
0.046,0
0.059,0
0.06255,0
0.05263,0
0.05329,0
0.06189,0
0.04757,0
0.04856,0
0.04638,0
0.04425,0
0.04486,0
0.0638,0
0.06937,0
0.0563,0
0.05167,0
0.06787,0
0.072,0
0.062,0
0.073,0
0.076,0
0.12589,0
0.184,1
0.2445,1
0.24717,0
0.1623,1
0.20567,0
0.116,0
0.10286,0
0.15243,0
0.13,0
0.06586,0
0.07756,0
0.05038,0
0.08344,0
0.04812,0
0.078,0
0.06529,0
0.0695,0
0.19222,1
0.2,0
0.1735,1
0.282,0
0.143,1
0.34738,1
0.20033,0
0.14017,0
0.1731,1
0.28717,1
0.2811,0
0.12889,1
0.2248,1
0.39,0
0.16467,0
0.10511,0
0.04933,0
0.08688,0
0.11467,0
0.11678,0
0.06837,0
0.06711,0
0.05829,0
0.0609,0
0.06167,0
0.071,0
0.06525,1
0.21686,0
0.09417,1
0.34225,1
0.60225,1
0.35157,0
0.0945,0
0.10933,0
0.043,0
0.059,0
0.08322,0
0.055,0
0.10857,0
0.07022,0
0.052,0
0.04975,0
0.09467,0
0.0583,0
0.0525,0
0.064,0
0.06971,0
0.0585,0
0.03933,0
0.0454,0
0.05325,0
0.06014,0
0.06914,0
0.06925,0
0.0635,0
0.0875,0
0.15282,0
0.09917,0
0.0774,0
0.07025,0
0.055,0
0.05883,0
0.13471,0
0.07356,0
0.08157,0
0.06144,0
0.06644,0
0.0676,0
0.058,0
0.06462,0
0.06343,0
0.0543,0
0.06111,0
0.0324,0
0.06422,0
0.04233,0
0.03757,0
0.05975,0
0.07838,0
0.05383,0
0.10464,0
0.05391,0
0.0828,0
0.08178,0
0.1,0
0.04633,0
0.07844,0
0.04778,0
0.05143,0
0.06433,0
0.06133,0
0.06311,0
0.0683,0
0.04462,0
0.03767,0
0.053,0
0.05556,0
0.024,0
0.07222,0
0.037,0
0.04243,0
0.06222,0
0.05638,0
0.04567,0
0.09355,0
0.04755,0
0.04944,0
0.05333,0
0.07733,0
0.04783,0
0.07767,0
0.06056,0
0.03957,0
0.0595,0
0.05333,0
0.05788,0
0.0631,0
0.06125,0
0.03233,0
0.0388,0
0.054,0
0.0354,0
0.05213,0
0.0395,0
0.08986,0
0.1069,0
0.09712,0
0.07557,0
0.0668,0
0.04764,0
0.044,0
0.06722,0
0.068,0
0.04967,0
0.05967,0
0.05575,0
0.06325,0
0.06567,0
0.05511,0
0.04762,0
0.0658,0
0.04787,0
0.04686,0
0.0503,0
0.06922,0
0.0222,0
0.07444,0
0.03857,0
0.04543,0
0.0854,0
0.098,0
0.06662,0
0.0981,0
0.08255,0
0.105,0
0.07256,0
0.119,0
0.04967,0
0.08111,0
0.075,0
0.06662,0
0.06678,0
0.05812,0
0.0665,0
0.071,0
0.0545,0
0.056,0
0.0517,0
0.07267,0
0.0346,0
0.05911,0
0.04129,0
0.04971,0
0.10922,0
0.089,0
0.08738,0
0.05933,0
0.17727,0
0.09422,0
0.104,0
0.0935,0
0.04483,0
0.07,0
0.07738,0
0.05788,0
0.07622,0
0.042,0
0.05088,0
0.0626,0
0.0325,0
0.04371,0
0.0537,0
0.06822,0
0.05757,0
0.06863,0
0.03457,0
0.03543,0
0.0616,0
0.07871,0
0.042,0
0.05556,0
0.07082,0
0.07489,0
0.0839,0
0.0757,1
0.20733,1
0.29922,0
0.0915,0
0.07114,0
0.06912,0
0.05243,0
0.04217,0
0.06991,0
0.041,0
0.059,0
0.0603,0
0.05722,0
0.04886,0
0.06262,0
0.05614,0
0.07414,0
0.1134,0
0.068,0
0.089,0
0.08289,1
0.4205,0
0.1684,0
0.10555,0
0.1865,0
0.08617,0
0.09211,0
0.05414,0
0.0555,0
0.0915,0
0.03812,0
0.05214,0
0.06209,0
0.04412,0
0.05988,0
0.05044,0
0.0647,0
0.05414,0
0.15011,0
0.13643,1
0.2855,1
0.3799,1
0.4718,1
0.48533,0
0.19533,0
0.1599,0
0.0919,0
0.08218,0
0.14322,0
0.10083,0
0.0905,0
0.06057,0
0.0865,0
0.08188,0
0.0445,0
0.03714,0
0.06282,0
0.05067,0
0.04075,0
0.05011,0
0.079,0
0.04757,0
0.16143,0
0.128,1
0.28312,0
0.1471,1
0.2532,1
0.31433,0
0.19222,1
0.2243,1
0.44225,0
0.17564,1
0.204,0
0.181,0
0.10022,0
0.06743,0
0.06125,0
0.05,0
0.04162,0
0.045,0
0.088,0
0.06778,0
0.06062,0
0.05575,0
0.0715,0
0.05488,0
0.07444,0
0.04633,0
0.07356,0
0.0873,0
0.12433,0
0.0875,0
0.073,0
0.0954,0
0.12643,0
0.11636,0
0.104,0
0.064,0
0.11844,0
0.09971,0
0.08167,0
0.06438,0
0.0395,0
0.03586,0
0.066,0
0.06322,0
0.0485,0
0.03511,0
0.08,0
0.06062,0
0.11333,0
0.04817,0
0.06933,0
0.0815,0
0.1095,1
0.26457,0
0.1417,0
0.1134,0
0.0865,0
0.12427,0
0.14525,0
0.06,0
0.08311,0
0.05771,0
0.09789,0
0.04862,0
0.0445,0
0.06625,0
0.07655,0
0.13422,0
0.0694,0
0.09211,0
0.191,0
0.19788,0
0.17089,0
0.08483,0
0.09475,1
0.43775,1
0.27317,1
0.22773,1
0.3531,0
0.1256,0
0.05638,1
0.49975,1
0.28717,0
0.18986,0
0.12189,0
0.11357,0
0.13544,0
0.07562,0
0.05856,0
0.055,0
0.10564,0
0.08622,0
0.066,0
0.048,0
0.059,0
0.08112,0
0.11588,0
0.03783,0
0.07075,0
0.08778,0
0.0846,0
0.14236,0
0.11418,0
0.19611,0
0.1085,0
0.1034,0
0.15017,0
0.159,0
0.19022,1
0.31229,0
0.0675,0
0.064,0
0.0581,0
0.05925,0
0.085,0
0.06687,0
0.0622,0
0.121,1
0.31817,0
0.13529,0
0.09213,0
0.04714,0
0.07175,1
0.38762,0
0.0972,1
0.27191,0
0.14064,1
0.2953,0
0.13056,0
0.06456,0
0.13667,0
0.082,0
0.0998,0
0.03671,0
0.0505,0
0.04467,0
0.047,0
0.04875,0
0.0678,0
0.0705,0
0.0569,0
0.05444,0
0.0372,0
0.06312,0
0.07329,0
0.05029,0
0.04788,0
0.09737,0
0.0648,0
0.07182,0
0.07,0
0.0924,0
0.17433,0
0.08156,0
0.044,0
0.06825,0
0.116,0
0.08214,0
0.07867,0
0.08111,0
0.053,0
0.0607,0
0.0626,0
0.04788,0
0.0447,0
0.06367,0
0.0468,0
0.07467,0
0.04033,0
0.03814,0
0.04812,0
0.06888,0
0.1842,0
0.13627,0
0.1123,0
0.1263,0
0.108,0
0.05889,0
0.0355,0
0.08578,0
0.065,0
0.04286,0
0.066,0
0.0557,0
0.04888,0
0.0633,0
0.051,0
0.057,0
0.0503,0
0.05,0
0.0356,0
0.06033,0
0.0455,0
0.03429,0
0.07244,0
0.06375,0
0.05967,0
0.0969,0
0.06336,0
0.08078,0
0.0889,0
0.15411,0
0.06986,0
0.08011,0
0.05978,0
0.04562,0
0.07456,0
0.05278,0
0.04662,0
0.05282,0
0.04988,0
0.03886,0
0.0483,0
0.05656,0
0.027,0
0.0654,0
0.059,0
0.08017,0
0.116,0
0.07757,0
0.06414,0
0.0881,0
0.06536,0
0.04711,0
0.0618,0
0.078,0
0.0445,0
0.06656,0
0.04538,0
0.04625,0
0.07078,0
0.03878,0
0.05363,0
0.07873,0
0.04375,0
0.04286,0
0.0464,0
0.05911,0
0.04,0
0.0471,0
0.05243,0
0.04471,0
0.0686,0
0.06875,0
0.065,0
0.04133,0
0.05173,0
0.05233,0
0.0562,0
0.06789,0
0.048,0
0.11122,0
0.06238,0
0.05225,0
0.05178,0
0.04262,0
0.05838,0
0.06418,0
0.04475,0
0.03929,0
0.0454,0
0.07167,0
0.04733,0
0.05778,0
0.04371,0
0.034,0
0.0575,0
0.05957,0
0.05438,0
0.03967,0
0.056,0
0.068,0
0.10364,0
0.09918,0
0.0335,0
0.07833,0
0.05138,0
0.051,0
0.05733,0
0.03925,0
0.04737,0
0.059,0
0.03971,0
0.058,0
0.0496,0
0.06889,0
0.046,0
0.07044,0
0.04414,0
0.17212,0
0.1574,0
0.09243,0
0.1255,0
0.12067,0
0.11509,1
0.33212,0
0.12742,0
0.149,0
0.08267,0
0.15967,0
0.13063,0
0.0605,0
0.04512,0
0.04625,0
0.05214,0
0.05691,0
0.04357,0
0.05289,0
0.04278,0
0.05312,0
0.04143,0
0.064,0
0.053,0
0.0555,0
0.07744,0
0.06883,0
0.11111,0
0.05211,0
0.0524,0
0.08389,0
0.12264,0
0.0761,0
0.03583,0
0.0666,0
0.04543,0
0.04688,0
0.04638,0
0.0425,0
0.04925,0
0.06245,0
0.0485,0
0.07011,0
0.04289,0
0.06544,0
0.04157,0
0.06744,0
0.03971,0
0.061,0
0.0607,0
0.0434,0
0.09511,0
0.05167,0
0.0498,0
0.07933,0
0.10636,0
0.1094,0
0.0635,1
0.20988,0
0.08257,0
0.06733,0
0.05312,0
0.03063,0
0.03929,0
0.06627,0
0.049,0
0.05011,0
0.04378,0
0.0455,0
0.03829,0
0.0595,0
0.03357,0
0.06544,0
0.05389,0
0.04033,0
0.07845,0
0.04844,0
0.062,0
0.04689,0
0.06845,0
0.07778,0
0.04483,0
0.11656,0
0.052,0
0.06156,0
0.04738,0
0.03812,0
0.03843,0
0.05545,0
0.05211,0
0.05537,0
0.04667,0
0.07311,0
0.05338,0
0.05267,0
0.0255,0
0.06133,0
0.0676,0
0.062,0
0.07982,0
0.04267,0
0.045,0
0.07262,0
0.09309,0
0.065,0
0.05714,0
0.05544,0
0.05057,0
0.06078,0
0.04588,0
0.0445,0
0.04371,0
0.05455,0
0.05078,0
0.0472,0
0.04056,0
0.072,0
0.05438,0
0.05667,0
0.02617,0
0.04988,0
0.0792,0
0.07533,0
0.11455,1
0.2047,1
0.2276,0
0.17062,1
0.2502,1
0.28338,0
0.17286,0
0.07467,0
0.10943,0
0.06689,0
0.04675,0
0.04762,0
0.04043,0
0.06309,0
0.05844,0
0.0719,0
0.08233,0
0.15957,0
0.11412,0
0.11025,0
0.113,0
0.11462,0
0.1152,0
0.104,0
0.11009,1
0.34129,1
0.26878,0
0.10933,1
0.2372,1
0.323,1
0.35586,0
0.14825,0
0.14962,0
0.10022,0
0.06675,0
0.04656,0
0.04612,0
0.05555,0
0.07033,0
0.0555,0
0.04411,0
0.04217,0
0.05925,0
0.06063,0
0.03517,0
0.058,0
0.078,0
0.0596,0
0.12282,0
0.16309,1
0.36775,0
0.14738,0
0.08933,0
0.05533,0
0.05143,0
0.10889,0
0.05313,0
0.05,0
0.05422,0
0.0634,0
0.05556,0
0.06836,0
0.0435,0
0.0497,0
0.054,0
0.0445,0
0.04775,0
0.065,0
0.04114,0
0.05512,0
0.05712,0
0.0304,0
0.05564,0
0.07218,0
0.077,0
0.05689,0
0.06633,0
0.0345,0
0.05114,0
0.07,0
0.06914,0
0.04525,0
0.05033,0
0.0658,0
0.0573,0
0.0583,0
0.05825,0
0.0493,0
0.04867,0
0.0364,0
0.06289,0
0.05114,0
0.03986,0
0.045,0
0.06225,0
0.0366,0
0.05982,0
0.05609,0
0.0404,0
0.09544,0
0.06389,0
0.0525,0
0.064,0
0.0661,0
0.06514,0
0.04844,0
0.05711,0
0.0664,0
0.06164,0
0.04989,0
0.05488,0
0.0384,0
0.057,0
0.06083,0
0.05511,0
0.03533,0
0.03957,0
0.08275,0
0.07612,0
0.047,0
0.05927,0
0.04264,0
0.055,0
0.06009,0
0.04856,0
0.03233,0
0.05522,0
0.0712,0
0.04571,0
0.076,0
0.04944,0
0.04638,0
0.06164,0
0.06011,0
0.05213,0
0.0416,0
0.05322,0
0.05233,0
0.0682,0
0.04133,0
0.04114,0
0.07344,0
0.07662,0
0.0574,0
0.15645,0
0.11064,0
0.15638,0
0.08109,0
0.07775,0
0.056,0
0.11278,0
0.05944,0
0.05043,0
0.065,0
0.049,0
0.0395,0
0.05745,0
0.04488,0
0.05071,0
0.0452,0
0.053,0
0.045,0
0.0842,0
0.05157,0
0.04229,0
0.08022,0
0.07538,0
0.069,0
0.0555,0
0.10873,0
0.06813,0
0.11527,0
0.12567,0
0.04867,0
0.13122,0
0.08389,0
0.05512,0
0.05411,0
0.04638,0
0.05988,0
0.05309,0
0.03775,0
0.04786,0
0.0571,0
0.05612,0
0.04533,0
0.1247,0
0.05143,0
0.04186,0
0.1105,0
0.07786,0
0.07343,0
0.08478,1
0.22155,0
0.1025,0
0.12809,1
0.36211,0
0.07183,1
0.20378,0
0.12838,0
0.06025,0
0.07111,0
0.05062,0
0.05488,0
0.06327,0
0.05337,0
0.055,0
0.0461,0
0.06712,0
0.05714,0
0.06567,0
0.05457,0
0.061,0
0.0717,0
0.08543,0
0.07462,0
0.058,0
0.13909,1
0.20622,0
0.17718,1
0.3635,0
0.1665,0
0.13122,0
0.09363,0
0.07888,0
0.05662,0
0.0415,0
0.06288,0
0.05473,0
0.03825,0
0.0629,0
0.0429,0
0.05275,0
0.05314,0
0.08233,0
0.05771,0
0.07925,0
0.1045,0
0.13229,0
0.09356,0
0.06722,0
0.11864,0
0.111,0
0.10173,0
0.09227,0
0.04217,0
0.0736,0
0.06071,0
0.04462,0
0.07125,0
0.0415,0
0.07988,0
0.06382,0
0.05075,0
0.0667,0
0.0539,0
0.05725,0
0.05186,0
0.071,0
0.043,0
0.054,0
0.0655,0
0.0514,0
0.09944,0
0.08367,0
0.1658,1
0.21156,0
0.09173,1
0.2294,0
0.14317,0
0.1576,0
0.094,0
0.06025,0
0.05925,0
0.0465,0
0.05662,0
0.06345,0
0.0445,0
0.0645,0
0.04578,0
0.07789,0
0.04286,0
0.09533,0
0.04071,0
0.09612,0
0.1088,0
0.0856,0
0.1078,0
0.04267,0
0.0531,0
0.09433,0
0.07236,0
0.1788,0
0.0525,0
0.1164,0
0.051,0
0.05767,0
0.047,0
0.03962,0
0.03871,0
0.05391,0
0.05375,0
0.06144,0
0.041,0
0.04725,0
0.04629,0
0.07912,0
0.051,1
0.21744,0
0.0957,0
0.05633,1
0.25782,1
0.26611,1
0.325,1
0.49443,1
0.34664,1
0.3511,0
0.139,0
0.15711,0
0.05471,0
0.06156,0
0.13712,0
0.10212,0
0.0805,0
0.08218,0
0.043,0
0.04689,0
0.04767,0
0.14443,1
0.205,1
0.25111,0
0.067,0
0.097,0
0.1003,0
0.12783,0
0.149,0
0.13178,1
0.49188,1
0.37583,1
0.75088,0
0.17167,1
0.22314,1
0.51562,0
0.11571,0
0.12589,0
0.12638,0
0.05025,0
0.05925,0
0.06673,0
0.05687,0
0.0602,0
0.05222,0
0.06543,0
0.08512,0
0.09167,0
0.03517,0
0.07212,0
0.11689,0
0.11083,0
0.17909,0
0.1296,0
0.1961,1
0.20038,0
0.1429,0
0.08178,0
0.08071,1
0.21189,0
0.09286,0
0.05738,0
0.06714,0
0.05862,0
0.0555,0
0.06073,0
0.05578,0
0.0486,0
0.04644,0
0.02967,0
0.06112,0
0.07412,0
0.02483,0
0.05912,0
0.08529,0
0.037,0
0.0785,0
0.0752,0
0.0997,1
0.20622,0
0.1217,0
0.09312,0
0.07629,0
0.167,0
0.09337,0
0.07757,0
0.06186,0
0.068,0
0.05422,0
0.07245,0
0.061,0
0.0568,0
0.05478,0
0.05883,0
0.07425,0
0.15875,0
0.05833,0
0.065,0
0.07788,0
0.0452,0
0.08155,0
0.06745,0
0.06,0
0.06722,0
0.08322,0
0.08571,0
0.19586,0
0.132,0
0.15387,0
0.1215,0
0.06067,0
0.056,0
0.05089,0
0.065,0
0.05588,0
0.0537,0
0.06162,0
0.0412,0
0.04988,0
0.04643,0
0.03457,0
0.043,0
0.0645,0
0.0394,0
0.06564,0
0.04882,0
0.06844,0
0.05522,0
0.09867,0
0.075,0
0.05714,0
0.0764,0
0.04414,0
0.064,0
0.073,0
0.0622,0
0.074,0
0.04356,0
0.04925,0
0.0509,0
0.04978,0
0.04917,0
0.05633,0
0.04186,0
0.03586,0
0.07562,0
0.06662,0
0.0426,0
0.09191,0
0.06283,0
0.097,0
0.1346,0
0.11211,0
0.092,0
0.165,0
0.1048,0
0.127,0
0.06578,0
0.06589,0
0.057,0
0.056,0
0.05511,0
0.0565,0
0.0676,0
0.05812,0
0.03833,0
0.072,0
0.032,0
0.04514,0
0.09825,0
0.16475,0
0.0816,0
0.13864,0
0.09555,0
0.07412,1
0.21355,0
0.10733,0
0.0545,0
0.09356,0
0.09922,0
0.04686,0
0.07678,0
0.0626,0
0.049,0
0.0778,0
0.09371,1
0.27871,1
0.37478,1
0.30588,1
0.4932,1
0.77022,0
0.11014,0
0.13843,1
0.3945,1
0.31412,0
0.1058,0
0.1284,0
0.1263,1
0.47188,0
0.17618,1
0.39678,1
0.3345,1
0.2715,1
0.61167,1
0.24567,1
0.5855,1
0.2715,1
0.545,1
0.35814,0
0.12133,0
0.18167,1
0.25044,0
0.16912,0
0.14617,1
0.3069,1
0.28414,0
0.11557,0
0.13456,0
0.08875,0
0.07514,0
0.0536,0
0.04055,0
0.03488,0
0.08991,0
0.069,0
0.19633,0
0.135,0
0.10538,0
0.14062,0
0.122,0
0.06012,0
0.04438,0
0.05418,0
0.04712,0
0.05838,0
0.0569,0
0.06225,0
0.04217,0
0.06556,0
0.05871,0
0.04414,0
0.077,0
0.06686,1
0.20725,0
0.07589,0
0.05982,0
0.07675,0
0.07618,1
0.2687,0
0.07917,0
0.19067,0
0.16762,0
0.16162,0
0.10022,0
0.06013,0
0.0615,0
0.07027,0
0.0445,0
0.07213,0
0.0611,0
0.07175,0
0.04957,0
0.06089,0
0.038,0
0.0645,0
0.0693,0
0.05986,0
0.05138,0
0.04567,1
0.28464,0
0.09189,0
0.13625,0
0.16782,0
0.0865,0
0.07356,0
0.05862,0
0.06112,0
0.0535,0
0.03325,0
0.05,0
0.05555,0
0.02971,0
0.06744,0
0.0529,0
0.05512,0
0.04029,0
0.07022,0
0.05114,0
0.03457,0
0.0668,0
0.05329,0
0.06911,0
0.05533,0
0.06291,0
0.069,0
0.093,0
0.0965,0
0.052,0
0.07178,0
0.04957,0
0.04938,0
0.05988,0
0.03762,0
0.05544,0
0.06864,0
0.05,0
0.0626,0
0.04556,0
0.06,0
0.04743,0
0.05967,0
0.03843,0
0.14862,0
0.1168,0
0.0928,0
0.16356,0
0.11967,0
0.1357,0
0.07222,0
0.06291,0
0.06,0
0.04217,0
0.1247,0
0.03914,0
0.05344,0
0.05275,0
0.04688,0
0.07311,0
0.05327,0
0.04212,0
0.092,0
0.08944,0
0.06638,0
0.05229,0
0.07467,0
0.04914,0
0.06933,0
0.07789,0
0.066,0
0.08078,0
0.06311,0
0.1195,0
0.1359,0
0.11409,0
0.14667,0
0.04083,0
0.1933,0
0.06157,0
0.083,0
0.05325,0
0.04912,0
0.05662,0
0.06909,0
0.04862,0
0.0701,0
0.04967,0
0.08767,0
0.0695,0
0.08956,0
0.08167,0
0.10689,0
0.1208,0
0.081,0
0.0904,1
0.42333,1
0.2452,1
0.21022,0
0.14182,0
0.17889,0
0.1145,0
0.12789,0
0.11429,1
0.23867,1
0.2335,0
0.08388,0
0.0645,0
0.09745,0
0.069,0
0.08073,0
0.05856,0
0.0645,0
0.05675,0
0.07078,0
0.03633,0
0.08067,0
0.0994,0
0.11167,1
0.2463,1
0.44178,0
0.1321,0
0.14314,1
0.2347,1
0.29322,0
0.1535,0
0.11978,0
0.15357,0
0.12678,0
0.0545,0
0.06244,0
0.04362,0
0.06609,0
0.04512,0
0.06209,0
0.044,0
0.06475,0
0.05562,0
0.05588,0
0.03083,0
0.0445,0
0.09075,0
0.043,0
0.1015,0
0.055,0
0.04567,0
0.056,0
0.0836,0
0.07712,0
0.06743,0
0.09856,0
0.05225,0
0.04711,0
0.058,0
0.05122,0
0.05388,0
0.06064,0
0.04338,0
0.06327,0
0.05211,0
0.06357,0
0.0535,0
0.05812,0
0.02683,0
0.05288,0
0.07778,0
0.0252,0
0.0662,0
0.07618,0
0.04511,0
0.05367,0
0.0942,0
0.075,0
0.03533,0
0.09989,0
0.06775,0
0.08337,0
0.07388,0
0.0701,0
0.06256,0
0.06345,0
0.03771,0
0.0407,0
0.05512,0
0.04167,0
0.04075,0
0.05857,0
0.05229,0
0.13562,0
0.0825,0
0.0412,0
0.06782,0
0.05327,0
0.04556,0
0.05522,0
0.06033,0
0.06314,0
0.17129,0
0.19567,0
0.16457,0
0.10675,0
0.062,0
0.0625,0
0.05956,0
0.0667,0
0.06562,0
0.0449,0
0.04462,0
0.0386,0
0.06222,0
0.04829,0
0.045,0
0.07462,0
0.10975,0
0.0594,0
0.1075,0
0.09645,0
0.18611,0
0.14322,0
0.14156,0
0.10629,0
0.143,0
0.1983,0
0.17471,0
0.148,0
0.17856,0
0.1628,0
0.11291,0
0.1765,0
0.07712,0
0.0529,0
0.07533,0
0.0424,0
0.07567,0
0.05314,0
0.05071,0
0.05925,0
0.0665,0
0.0442,0
0.0746,0
0.09217,0
0.066,0
0.07,0
0.08878,0
0.11,0
0.13188,0
0.1208,0
0.07743,1
0.20056,0
0.1818,0
0.0955,0
0.06691,0
0.05489,0
0.06538,0
0.0544,0
0.0565,0
0.043,0
0.0724,0
0.05167,0
0.05714,0
0.09237,0
0.11812,0
0.0656,0
0.0719,0
0.07564,0
0.06562,0
0.168,0
0.06644,0
0.05386,0
0.174,0
0.09322,0
0.14057,0
0.12178,0
0.0875,0
0.04412,0
0.05182,0
0.03775,0
0.05862,0
0.0493,0
0.041,0
0.0575,0
0.06,0
0.06529,0
0.03283,0
0.05938,0
0.053,0
0.0338,0
0.0752,0
0.04973,0
0.05762,0
0.09509,1
0.21678,0
0.07157,0
0.17567,0
0.06462,0
0.05025,0
0.06538,0
0.05675,0
0.045,0
0.0585,0
0.03725,0
0.064,0
0.0517,0
0.053,0
0.0515,0
0.05322,0
0.04714,0
0.03714,0
0.04867,0
0.05312,0
0.06112,0
0.04044,0
0.04509,0
0.03638,0
0.05891,0
0.0591,0
0.0495,0
0.17162,0
0.10325,0
0.13325,0
0.13911,0
0.04088,0
0.07025,0
0.05182,0
0.03813,0
0.05162,0
0.0526,0
0.06875,0
0.0435,0
0.06633,0
0.055,0
0.03143,0
0.05544,0
0.05314,0
0.058,0
0.05238,0
0.04582,0
0.06489,0
0.07309,0
0.09745,0
0.03917,0
0.17944,0
0.07712,0
0.05875,0
0.05225,0
0.03975,0
0.05962,0
0.05309,0
0.04275,0
0.05375,0
0.0518,0
0.0495,0
0.06929,0
0.05489,0
0.03957,0
0.04043,0
0.0582,0
0.05414,0
0.051,0
0.046,0
0.04873,0
0.06278,0
0.05675,0
0.10136,0
0.02683,1
0.3523,0
0.05071,0
0.06789,0
0.05912,0
0.0305,0
0.06013,0
0.05827,0
0.02714,0
0.05722,0
0.0565,0
0.0645,0
0.048,0
0.05811,0
0.03671,0
0.052,0
0.0711,0
0.05171,0
0.06975,0
0.05167,0
0.074,0
0.07189,0
0.099,0
0.1018,0
0.05667,1
0.26222,0
0.13814,0
0.06989,0
0.06412,0
0.04838,0
0.07144,0
0.06509,0
0.0405,0
0.0673,0
0.04233,0
0.056,0
0.04671,0
0.10588,0
0.07571,1
0.24838,1
0.48011,0
0.15,0
0.19175,1
0.82457,1
0.2841,0
0.10056,0
0.1008,1
0.5005,0
0,1
0.38478,1
0.40657,1
0.26578,0
0.13525,1
0.26175,1
0.207,0
0.08045,0
0.06138,0
0.0823,0
0.05256,0
0.099,0
0.0585,0
0.09475,0
0.02633,0
0.098,1
0.36033,0
0.16083,1
0.23722,0
0.17222,0
0.1301,1
0.30033,0
0.15818,1
0.30544,1
0.30017,1
0.263,0
0.18614,0
0.14967,0
0.15275,1
0.29329,0
0.16975,0
0.12645,0
0.08144,0
0.07218,0
0.05044,0
0.091,0
0.08329,0
0.11271,0
0.06817,0
0.14111,0
0.1883,0
0.1194,0
0.1015,0
0.08178,0
0.1356,0
0.15333,0
0.14536,0
0.14456,1
0.22071,0
0.19322,0
0.12214,0
0.10511,0
0.17275,0
0.07612,0
0.04486,0
0.0672,0
0.04325,0
0.05855,0
0.05322,0
0.0595,0
0.0555,0
0.05825,0
0.03217,0
0.07878,0
0.07889,0
0.048,0
0.09837,1
0.38229,1
0.26225,1
0.31825,0
0.1115,1
0.25112,1
0.245,1
0.27833,0
0.11757,1
0.239,0
0.1055,0
0.176,0
0.1955,0
0.12522,0
0.065,0
0.0534,0
0.05375,0
0.05538,0
0.1055,0
0.06629,0
0.05217,0
0.0695,0
0.09278,0
0.0686,0
0.0629,0
0.09245,0
0.09467,0
0.10611,0
0.1896,0
0.078,0
0.12629,1
0.20022,0
0.113,0
0.12375,0
0.063,0
0.07389,0
0.05567,0
0.08009,0
0.0455,0
0.06536,0
0.05444,0
0.058,0
0.05462,0
0.05357,0
0.03329,0
0.056,0
0.06288,0
0.035,0
0.0596,0
0.05109,0
0.03233,0
0.05622,0
0.056,0
0.047,0
0.06229,0
0.06533,0
0.05325,0
0.046,0
0.06556,0
0.0547,0
0.04878,0
0.0642,0
0.05029,0
0.05945,0
0.04638,0
0.04967,0
0.05711,0
0.054,0
0.03343,0
0.05263,0
0.04562,0
0.0344,0
0.0623,0
0.05236,0
0.03567,0
0.05156,0
0.044,0
0.04814,0
0.06157,0
0.07267,0
0.046,0
0.04512,0
0.05278,0
0.0739,0
0.07336,0
0.0655,0
0.049,0
0.05964,0
0.07233,0
0.048,0
0.05267,0
0.04017,0
0.033,0
0.04762,0
0.05788,0
0.0306,0
0.0459,0
0.05836,0
0.04578,0
0.0519,0
0.05589,0
0.04229,0
0.0445,0
0.05811,0
0.04643,0
0.04375,0
0.05822,0
0.071,0
0.05427,0
0.0574,0
0.04129,0
0.0499,0
0.06388,0
0.048,0
0.0882,0
0.04683,0
0.03471,0
0.0465,0
0.06262,0
0.0306,0
0.0564,0
0.07842,0
0.05567,0
0.05964,0
0.06111,0
0.046,0
0.075,0
0.05689,0
0.03243,0
0.05633,0
0.0689,0
0.049,0
0.088,0
0.05856,0
0.07012,0
0.0552,0
0.0545,0
0.058,0
0.0713,0
0.05388,0
0.044,0
0.06211,0
0.083,0
0.041,0
0.0992,0
0.07655,0
0.14837,1
0.28564,1
0.282,0
0.194,0
0.1825,0
0.1073,0
0.05357,0
0.10267,0
0.085,0
0.13388,0
0.10282,0
0.05138,0
0.08188,0
0.0502,0
0.04762,0
0.06486,0
0.06655,0
0.0445,0
0.03625,0
0.0671,0
0.07344,0
0.05333,0
0.0671,0
0.05555,0
0.05188,0
0.06291,0
0.13422,0
0.06514,0
0.1803,0
0.0909,0
0.04325,0
0.07778,0
0.05211,0
0.06362,0
0.05136,0
0.0395,0
0.05,0
0.0498,0
0.04775,0
0.05914,0
0.0584,0
0.0385,0
0.0285,0
0.05367,0
0.04712,0
0.052,0
0.04488,0
0.04618,0
0.0405,0
0.05773,0
0.067,0
0.04214,0
0.0857,0
0.05856,0
0.06525,0
0.05038,0
0.03888,0
0.05775,0
0.08364,0
0.05425,0
0.05256,0
0.0518,0
0.05725,0
0.05714,0
0.0476,0
0.0435,0
0.03813,0
0.0649,0
0.05657,0
0.05562,0
0.044,0
0.03827,0
0.05378,0
0.058,0
0.14845,0
0.05886,0
0.077,0
0.06956,0
0.05675,0
0.0865,0
0.05138,0
0.05662,0
0.06236,0
0.03971,0
0.04944,0
0.0566,0
0.06487,0
0.05175,0
0.0699,0
0.03975,0
0.08712,0
0.1075,0
0.10343,0
0.08322,0
0.16675,0
0.12264,0
0.12322,0
0.11555,0
0.1745,0
0.11971,1
0.2715,0
0.09825,1
0.23744,0
0.1755,0
0.05175,0
0.10312,0
0.06282,0
0.03414,0
0.063,0
0.0538,0
0.05862,0
0.05512,0
0.0568,0
0.04375,0
0.076,0
0.08255,0
0.0735,0
0.08067,0
0.072,0
0.0928,0
0.08167,0
0.07509,1
0.3631,0
0.13043,1
0.3718,1
0.24662,1
0.22678,1
0.24138,0
0.16137,0
0.14122,0
0.11382,0
0.13425,0
0.0964,0
0.05022,0
0.05762,0
0.05838,0
0.0668,0
0.02286,0
0.04011,0
0.1065,0
0.0962,0
0.08844,0
0.07033,0
0.0832,0
0.0892,0
0.07582,0
0.0747,0
0.05086,1
0.30582,1
0.2145,1
0.38189,1
0.62175,1
0.54762,1
0.31588,1
0.28245,1
0.22088,1
0.212,0
0.07689,0
0.11033,0
0.077,0
0.05467,0
0.02757,0
0.0518,0
0.07436,0
0.05767,0
0.05722,0
0.04456,0
0.0491,0
0.05689,0
0.07773,0
0.0772,0
0.03467,0
0.0764,0
0.06638,1
0.26533,0
0.14675,0
0.09825,1
0.24686,0
0.08073,0
0.05138,0
0.0635,0
0.05733,0
0.07967,0
0.059,0
0.068,0
0.02729,0
0.0567,0
0.085,0
0.0466,0
0.0631,0
0.06144,0
0.0509,0
0.06136,0
0.0641,0
0.07644,0
0.05271,0
0.1255,0
0.059,0
0.04878,0
0.0535,0
0.06867,0
0.04388,0
0.05973,0
0.04588,0
0.04818,0
0.04889,0
0.05388,0
0.04456,0
0.06189,0
0.02571,0
0.0574,0
0.06589,0
0.0315,0
0.06044,0
0.056,0
0.05033,0
0.06278,0
0.0526,0
0.08978,0
0.11543,0
0.065,0
0.06678,0
0.065,0
0.06975,0
0.05611,0
0.05325,0
0.0557,0
0.04762,0
0.05782,0
0.054,0
0.06462,0
0.05178,0
0.04475,0
0.035,0
0.05022,0
0.06344,0
0.0382,0
0.0621,0
0.05882,0
0.037,0
0.07989,0
0.0994,0
0.04414,0
0.107,0
0.0865,0
0.09478,0
0.074,0
0.05625,0
0.06489,0
0.05267,0
0.061,0
0.04538,0
0.05091,0
0.04138,0
0.06186,0
0.04689,0
0.0495,0
0.037,0
0.05278,0
0.06078,0
0.0316,0
0.051,0
0.05109,0
0.03978,0
0.05611,0
0.0801,0
0.08443,0
0.129,0
0.1548,0
0.17711,0
0.0715,0
0.07378,0
0.0952,0
0.0997,0
0.0785,0
0.072,0
0.05673,0
0.05975,0
0.0412,0
0.0488,0
0.05275,0
0.03088,0
0.05667,0
0.06011,0
0.0348,0
0.064,0
0.10464,0
0.165,1
0.24725,1
0.4048,0
0.15457,0
0.14267,0
0.1258,0
0.07557,0
0.13322,0
0.12411,0
0.17133,1
0.2201,1
0.2769,0
0.1435,0
0.10627,0
0.09556,0
0.0602,0
0.13636,0
0.06112,0
0.10725,1
0.23422,0
0.18733,0
0.059,0
0.0723,0
0.06367,0
0.039,0
0.0922,0
0.14722,0
0.10314,0
0.124,0
0.1174,0
0.16843,0
0.06678,0
0.05189,0
0.05612,0
0.05209,0
0.0658,0
0.06662,0
0.05736,0
0.05688,0
0.0605,0
0.06118,0
0.04957,0
0.0365,0
0.091,0
0.05822,0
0.0322,0
0.0634,0
0.07567,0
0.04137,0
0.05773,0
0.05644,0
0.03986,0
0.1056,0
0.0694,0
0.04943,0
0.0908,0
0.0757,0
0.0535,0
0.12591,0
0.08178,0
0.12,0
0.1287,0
0.08588,0
0.0725,0
0.07436,0
0.06362,0
0.04712,0
0.0732,0
0.06678,0
0.047,0
0.1224,0
0.11645,0
0.15175,0
0.179,1
0.35933,1
0.33914,1
0.21167,0
0.1739,1
0.34638,0
0.116,0
0.09367,0
0.0835,0
0.07573,0
0.049,0
0.09938,0
0.07027,0
0.05625,0
0.05614,0
0.06064,0
0.06462,0
0.03925,0
0.06,0
0.07733,0
0.05662,0
0.053,0
0.04909,0
0.04538,0
0.05836,1
0.22578,1
0.208,0
0.1231,0
0.066,0
0.05675,0
0.0585,0
0.04933,0
0.07175,0
0.06291,0
0.05589,0
0.06188,0
0.05327,0
0.06312,0
0.06957,0
0.0608,0
0.04338,0
0.03088,0
0.0483,0
0.07043,0
0.05613,0
0.05738,0
0.04991,0
0.04488,0
0.06136,0
0.0661,0
0.05314,0
0.15629,0
0.17756,0
0.0775,0
0.14138,0
0.08412,0
0.07844,0
0.11283,0
0.059,0
0.04712,0
0.05355,0
0.055,0
0.05162,0
0.0544,0
0.041,0
0.0415,0
0.08018,0
0.06643,0
0.05688,0
0.04062,0
0.05127,0
0.04733,0
0.06091,0
0.06755,0
0.04243,1
0.3182,0
0.07756,0
0.06289,0
0.05612,0
0.05525,0
0.071,0
0.06727,0
0.02071,0
0.067,0
0.06309,0
0.06075,0
0.06038,0
0.0513,0
0.04037,0
0.06467,0
0.06209,0
0.08143,0
0.08144,0
0.10556,0
0.08709,0
0.14378,0
0.15273,0
0.1281,0
0.19471,1
0.22909,0
0.09537,0
0.08389,0
0.06825,0
0.04512,0
0.08178,0
0.0727,0
0.03233,0
0.07956,0
0.04311,0
0.0615,0
0.06712,0
0.0638,0
0.04312,0
0.03711,0
0.05945,0
0.04083,0
0.05344,0
0.04589,0
0.0555,0
0.05762,0
0.0571,0
0.06733,0
0.05129,0
0.07727,0
0.047,0
0.04744,0
0.038,0
0.03525,0
0.08956,0
0.0565,0
0.04629,0
0.06467,0
0.04411,0
0.05933,0
0.06144,0
0.0551,0
0.03888,0
0.037,0
0.05855,0
0.0408,0
0.06156,0
0.04722,0
0.0441,0
0.05222,0
0.06555,0
0.09722,0
0.07183,0
0.107,1
0.20629,0
0.13362,0
0.10125,0
0.0595,0
0.058,0
0.07445,0
0.05125,0
0.0668,0
0.03444,0
0.06289,0
0.05722,0
0.03838,0
0.027,0
0.0574,0
0.07355,0
0.0236,0
0.12222,0
0.13044,0
0.0776,0
0.18811,1
0.66927,1
0.29967,1
0.6222,1
0.46133,1
0.22638,1
0.446,1
0.29367,0
0.19357,1
0.24063,1
0.43675,0
0.17412,1
0.21127,0
0.11467,0
0.06787,0
0.07389,0
0.0649,0
0.037,0
0.15256,0
0.1545,0
0.0678,0
0.0909,0
0.10656,0
0.0766,0
0.12213,0
0.06564,0
0.12422,0
0.151,0
0.1895,0
0.13089,0
0.077,0
0.0805,0
0.07133,0
0.06112,0
0.07673,0
0.07162,0
0.11508,0
0.06211,0
0.057,0
0.05467,0
0.05067,0
0.03886,0
0.04889,0
0.071,0
0.0388,0
0.0577,0
0.08533,0
0.0637,0
0.0712,0
0.0642,0
0.11456,0
0.12825,0
0.1111,0
0.10167,0
0.06475,0
0.04575,0
0.07267,1
0.441,1
0.2395,0
0.07225,0
0.08736,0
0.06489,0
0.10712,0
0.05022,0
0.05025,0
0.04312,0
0.05856,0
0.06933,0
0.0426,0
0.0599,0
0.063,0
0.03889,0
0.07678,0
0.079,0
0.18822,0
0.08462,0
0.1417,0
0.09278,0
0.051,0
0.05862,0
0.0726,0
0.1539,1
0.2545,0
0.08262,0
0.06509,0
0.07544,0
0.07686,0
0.07367,0
0.05375,0
0.04738,0
0.09187,0
0.06963,0
0.02775,0
0.06589,0
0.06927,0
0.049,0
0.05956,0
0.0642,1
0.54367,1
0.33143,1
0.2537,0
0.12711,0
0.15933,0
0.149,0
0.13744,1
0.2034,0
0.13378,0
0.05263,0
0.07282,0
0.04478,0
0.0326,0
0.06782,0
0.0425,0
0.038,0
0.04575,0
0.06138,0
0.03225,0
0.05167,0
0.05918,0
0.05644,0
0.0554,0
0.04889,0
0.05314,0
0.10122,1
0.2042,0
0.14711,0
0.0724,0
0.17788,0
0.08125,0
0.1769,0
0.105,0
0.05725,0
0.05418,0
0.05178,0
0.0424,0
0.06682,0
0.04562,0
0.03013,0
0.0748,0
0.059,0
0.0354,0
0.0604,0
0.06058,0
0.05489,0
0.0612,0
0.05189,0
0.04914,0
0.1317,0
0.0809,0
0.04643,0
0.0747,0
0.068,0
0.04188,0
0.05909,0
0.0579,0
0.053,0
0.05473,0
0.04738,0
0.05117,0
0.04609,0
0.053,0
0.04043,0
0.06888,0
0.05912,0
0.0338,0
0.0823,0
0.05373,0
0.03775,0
0.05936,0
0.04544,0
0.035,0
0.07867,0
0.07989,0
0.04471,0
0.103,0
0.0663,0
0.07112,0
0.07818,0
0.04188,0
0.04012,0
0.05691,0
0.04875,0
0.06083,0
0.0638,0
0.06814,0
0.03514,0
0.06075,0
0.07229,0
0.04883,0
0.0546,0
0.04864,0
0.03725,0
0.06182,0
0.05122,0
0.03114,0
0.05378,0
0.059,0
0.05325,0
0.07089,0
0.049,0
0.05213,0
0.07082,0
0.03325,0
0.04286,0
0.04718,0
0.06138,0
0.05971,0
0.06189,0
0.06214,0
0.03929,0
0.04767,0
0.07556,0
0.05338,0
0.06178,0
0.03809,0
0.0415,0
0.06536,0
0.0477,0
0.03729,0
0.0927,0
0.0729,0
0.05138,0
0.06125,0
0.03488,0
0.07262,0
0.07436,0
0.051,0
0.07267,0
0.049,0
0.04775,0
0.05986,0
0.053,0
0.04425,0
0.03038,0
0.0495,0
0.06275,0
0.05438,0
0.04138,0
0.03773,0
0.05178,0
0.08236,0
0.0729,0
0.03971,0
0.1158,0
0.06422,0
0.06778,0
0.05412,0
0.0495,0
0.09511,0
0.08455,0
0.04212,0
0.07756,0
0.05536,0
0.05388,0
0.04657,0
0.0687,0
0.0375,0
0.05233,0
0.0564,0
0.06088,0
0.069,0
0.07844,0
0.05527,0
0.0445,0
0.06791,0
0.1781,1
0.55043,1
0.3528,1
0.20625,1
0.24833,1
0.283,0
0.17312,1
0.21212,0
0.174,0
0.0965,0
0.08233,0
0.07491,0
0.05675,0
0.05143,0
0.0725,0
0.03475,0
0.05589,0
0.0618,0
0.06729,0
0.05067,0
0.04744,0
0.05,0
0.06233,0
0.05418,0
0.0931,0
0.09814,1
0.4351,1
0.40938,1
0.30189,0
0.13662,1
0.412,1
0.30667,1
0.25627,1
0.2519,1
0.245,0
0.118,0
0.11089,0
0.09775,0
0.1002,0
0.05188,0
0.04489,0
0.0565,0
0.05267,0
0.05267,0
0.05444,0
0.0423,0
0.0826,0
0.07373,0
0.0695,0
0.14171,1
0.29863,1
0.23525,1
0.22667,1
0.216,1
0.26888,1
0.4025,0
0.14827,0
0.07344,0
0.0542,0
0.0528,0
0.06822,0
0.06162,0
0.0714,0
0.04888,0
0.0641,0
0.06945,0
0.0404,0
0.11156,0
0.08967,0
0.0895,0
0.1161,0
0.08791,0
0.0821,0
0.045,0
0.1031,0
0.12962,0
0.13978,0
0.07712,0
0.046,0
0.05025,0
0.08445,0
0.074,0
0.0453,0
0.0728,0
0.07044,0
0.06133,0
0.06189,0
0.027,0
0.0553,0
0.07455,0
0.0364,0
0.079,0
0.07056,0
0.0447,0
0.0586,0
0.11882,0
0.085,0
0.06388,0
0.109,1
0.38538,0
0.10678,0
0.06912,0
0.06433,0
0.05575,0
0.077,0
0.08022,0
0.0915,0
0.0622,0
0.05275,0
0.04722,0
0.05637,0
0.02843,0
0.0528,0
0.05378,0
0.0286,0
0.0559,0
0.04844,0
0.0411,0
0.05333,0
0.0521,0
0.05922,0
0.05212,0
0.0919,1
0.21625,0
0.05444,0
0.14738,0
0.184,0
0.12837,0
0.10027,0
0.05944,0
0.06709,0
0.0804,0
0.07725,0
0.05411,0
0.06378,0
0.03162,0
0.1169,0
0.05925,0
0.0352,0
0.0589,0
0.05273,0
0.055,0
0.078,0
0.075,0
0.11756,1
0.72,1
0.3637,1
0.26711,1
0.74786,1
0.56825,1
0.45933,1
0.925,1
0.6908,1
0.81233,1
0.6766,1
0.5167,1
0.379,1
0.2629,0
0.10075,0
0.08312,0
0.10778,0
0.074,0
0.0368,0
0.1183,0
0.12109,1
0.20844,1
0.41112,1
0.2205,0
0.12778,0
0.11525,0
0.151,1
0.455,1
0.30612,1
0.2125,1
0.3614,1
0.4375,1
0.2568,1
0.22938,1
0.20818,0
0.09744,0
0.09912,0
0.09782,0
0.05238,0
0.0355,0
0.05622,0
0.069,0
0.0488,0
0.0664,0
0.07191,0
0.04478,0
0.05233,0
0.08233,0
0.05412,0
0.05978,1
0.35175,0
0.11778,0
0.188,0
0.09411,0
0.1359,0
0.14173,0
0.1427,0
0.07788,0
0.07255,0
0.06633,0
0.05483,0
0.07245,0
0.0445,0
0.03188,0
0.0683,0
0.05789,0
0.043,0
0.0557,0
0.04945,0
0.04189,0
0.0577,0
0.05178,0
0.04057,0
0.0829,1
0.20309,0
0.08522,0
0.0897,0
0.05922,0
0.04562,0
0.05736,0
0.0646,0
0.0475,0
0.0523,0
0.04688,0
0.04883,0
0.05473,0
0.04888,0
0.02763,0
0.051,0
0.055,0
0.0334,0
0.0516,0
0.05183,0
0.04422,0
0.0472,0
0.054,1
0.21286,0
0.0833,0
0.1337,0
0.11475,0
0.1167,0
0.11944,0
0.13262,1
0.29673,0
0.13722,0
0.12944,0
0.057,0
0.04688,0
0.05917,0
0.07645,0
0.053,0
0.04612,0
0.0992,0
0.08233,0
0.0405,0
0.0713,0
0.05582,0
0.03488,0
0.05509,0
0.06456,0
0.051,0
0.1344,0
0.0981,0
0.07767,0
0.0616,0
0.0654,0
0.064,0
0.16591,1
0.23667,0
0.13089,0
0.09109,0
0.11412,0
0.0465,0
0.07236,0
0.09838,0
0.154,0
0.16633,0
0.17762,0
0.0565,0
0.0874,0
0.08509,0
0.19433,0
0.09082,0
0.17111,1
0.45733,1
0.2558,1
0.5015,1
0.89325,1
0.304,1
0.25511,0
0.1755,0
0.12836,0
0.08225,0
0.06214,0
0.05736,0
0.04762,0
0.04829,0
0.0945,0
0.06512,0
0.05075,0
0.06433,0
0.08712,0
0.06657,0
0.06725,0
0.06436,0
0.07033,0
0.05673,0
0.0707,0
0.02943,0
0.10222,0
0.1271,1
0.2121,0
0.1025,0
0.05275,0
0.06338,0
0.08464,0
0.04988,0
0.06389,0
0.05264,0
0.05175,0
0.05443,0
0.069,0
0.037,0
0.06056,0
0.0701,0
0.06675,0
0.07214,0
0.07522,0
0.07491,0
0.06138,1
0.21118,1
0.2068,0
0.11471,0
0.12422,0
0.19122,1
0.6385,0
0.10638,0
0.04375,0
0.05175,0
0.0911,0
0.06725,0
0.06022,0
0.05082,0
0.0495,0
0.06537,0
0.0609,0
0.04475,0
0.06933,0
0.07755,0
0.087,0
0.15687,0
0.11333,0
0.10909,0
0.05122,0
0.0477,0
0.0638,0
0.03471,0
0.09722,0
0.13512,0
0.089,0
0.11325,0
0.177,1
0.29211,0
0.193,0
0.10222,0
0.06256,0
0.061,0
0.06325,0
0.05238,0
0.0583,0
0.0375,0
0.04733,0
0.0765,0
0.0595,0
0.10456,0
0.06956,0
0.076,0
0.05911,0
0.04864,0
0.0591,0
0.06638,0
0.05978,0
0.04262,0
0.0673,0
0.047,0
0.04225,0
0.128,0
0.18227,0
0.15211,0
0.1074,0
0.0693,0
0.062,0
0.07611,0
0.04833,0
0.034,0
0.04856,0
0.05209,0
0.0365,0
0.069,0
0.05533,0
0.047,0
0.07233,0
0.06445,0
0.0586,0
0.08938,1
0.48167,0
0.12175,0
0.06489,0
0.07412,0
0.047,0
0.08067,1
0.20855,0
0.096,0
0.1,0
0.0591,0
0.06944,0
0.08811,0
0.06467,0
0.04025,0
0.0851,0
0.13727,0
0.0585,0
0.13556,0
0.08478,0
0.0972,0
0.0796,0
0.08182,1
0.2214,0
0.15163,0
0.14167,1
0.67083,1
0.622,1
0.33825,1
0.20775,1
0.939,1
0.57271,1
0.3075,1
0.3227,1
0.3949,0
0.11311,0
0.15811,0
0.07375,0
0.03843,0
0.16811,0
0.1796,0
0.16383,1
0.25533,0
0.16978,0
0.1425,0
0.1403,1
0.41112,0
0.17722,0
0.08863,0
0.10122,1
0.2535,1
0.26111,1
0.35129,1
0.358,1
0.29,1
0.31327,0
0.07744,1
0.33336,0
0.1958,0
0.09262,0
0.15278,0
0.07388,0
0.04388,0
0.0852,0
0.1552,0
0.04867,0
0.0898,0
0.0888,0
0.0745,0
0.08767,0
0.0507,0
0.04556,0
0.07738,0
0.12656,0
0.10056,0
0.16686,1
0.28375,0
0.09178,0
0.16867,1
0.2002,0
0.08667,0
0.10273,0
0.0943,0
0.07538,0
0.05438,0
0.10178,0
0.08738,0
0.0586,0
0.0521,0
0.033,0
0.0667,0
0.07336,0
0.04656,0
0.1081,0
0.0597,0
0.05956,0
0.056,0
0.09989,0
0.11089,0
0.07725,0
0.05188,0
0.0699,0
0.0678,0
0.0911,0
0.04433,0
0.066,0
0.1565,0
0.1775,1
0.26844,0
0.105,0
0.0925,0
0.09944,0
0.05767,0
0.034,0
0.0522,0
0.05582,0
0.05944,0
0.05433,0
0.0782,0
0.05138,0
0.04238,0
0.088,1
0.39,0
0.065,0
0.05189,0
0.0888,0
0.1212,0
0.1138,0
0.1055,0
0.07055,0
0.07927,0
0.06357,0
0.09,0
0.04188,0
0.05788,0
0.047,0
0.05067,0
0.0242,0
0.0599,0
0.05636,0
0.04422,0
0.0415,0
0.03711,0
0.04671,0
0.07144,0
0.07667,0
0.06967,0
0.10125,0
0.07022,0
0.06567,0
0.09082,0
0.1022,0
0.06,0
0.07355,0
0.059,0
0.0464,0
0.0795,0
0.04562,0
0.03062,0
0.05167,0
0.05144,0
0.0246,0
0.0608,0
0.06264,0
0.04811,0
0.0568,0
0.04944,0
0.03843,0
0.0653,0
0.04775,0
0.06312,0
0.1412,0
0.071,0
0.05688,0
0.05773,1
0.2009,0
0.12088,0
0.08545,0
0.06989,0
0.0366,0
0.0731,0
0.03888,0
0.031,0
0.0526,0
0.04744,0
0.025,0
0.0468,0
0.04445,0
0.03262,0
0.048,0
0.03156,0
0.02971,0
0.0604,0
0.0717,0
0.05375,0
0.07756,0
0.0536,0
0.04988,0
0.06918,0
0.09889,0
0.081,0
0.104,0
0.05538,0
0.047,0
0.0877,0
0.04937,0
0.03812,0
0.0519,0
0.06411,0
0.03667,0
0.059,0
0.04456,0
0.03714,0
0.0601,0
0.07575,0
0.03967,0
0.1225,0
0.0915,0
0.1348,0
0.13833,0
0.0752,0
0.04988,0
0.06827,0
0.09967,0
0.08838,0
0.0633,0
0.04314,0
0.03767,0
0.0607,0
0.0395,0
0.03025,0
0.0511,0
0.05689,0
0.051,0
0.05678,0
0.037,0
0.03157,0
0.063,0
0.0478,0
0.03471,0
0.0583,0
0.0633,0
0.0695,0
0.14456,0
0.1027,0
0.12375,0
0.05545,0
0.05062,0
0.07262,0
0.054,0
0.04414,0
0.04271,0
0.0775,0
0.04625,0
0.066,0
0.06356,0
0.052,0
0.05462,0
0.03362,0
0.032,0
0.04667,0
0.041,0
0.061,0
0.02929,0
0.0632,1
0.20833,1
0.27633,0
0.19025,0
0.07325,0
0.12244,0
0.08818,0
0.1005,0
0.129,0
0.09636,0
0.062,0
0.086,0
0.0616,0
0.03575,0
0.052,0
0.04144,0
0.06325,0
0.07878,0
0.05244,0
0.0491,0
0.07778,0
0.073,0
0.11336,0
0.035,0
0.0597,0
0.09129,0
0.1569,0
0.06362,0
0.03438,1
0.23325,1
0.24,0
0.15688,1
0.2121,0
0.10555,0
0.08512,0
0.08138,0
0.0763,0
0.03738,0
0.06356,0
0.0565,0
0.10025,0
0.064,0
0.05678,0
0.0483,0
0.06733,0
0.0599,0
0.0755,0
0.04771,0
0.0532,0
0.06712,0
0.1,0
0.14875,0
0.15,1
0.20911,0
0.1346,0
0.05788,0
0.07,0
0.0875,0
0.07922,0
0.04871,0
0.0678,0
0.04475,0
0.04744,0
0.0664,0
0.05486,0
0.07178,0
0.04722,0
0.04482,0
0.0568,0
0.0486,0
0.0635,0
0.10025,0
0.11456,1
0.20288,1
0.2078,0
0.07912,0
0.07175,1
0.20588,0
0.1538,0
0.09156,0
0.08718,0
0.0585,0
0.06256,0
0.13433,0
0.08222,0
0.04075,0
0.0527,0
0.0562,0
0.06125,0
0.05933,0
0.03722,0
0.0377,0
0.0493,0
0.05009,0
0.0625,0
0.05062,0
0.09382,0
0.046,0
0.0522,0
0.0435,0
0.035,0
0.07375,0
0.08409,0
0.07456,0
0.07,0
0.0489,0
0.05811,0
0.072,0
0.05767,0
0.02443,0
0.0496,0
0.0632,0
0.03933,0
0.04933,0
0.04211,0
0.0409,0
0.0644,0
0.04436,0
0.04589,0
0.0415,0
0.0704,0
0.04438,0
0.0566,0
0.05238,0
0.05556,0
0.04475,0
0.06718,0
0.05367,0
0.09009,0
0.101,0
0.13356,0
0.087,0
0.05262,0
0.044,0
0.0575,0
0.0645,0
0.03567,0
0.05644,0
0.0494,0
0.0497,0
0.0503,0
0.03882,0
0.05378,0
0.0485,0
0.0639,0
0.06767,0
0.0817,0
0.06525,0
0.08856,1
0.23644,1
0.3671,0
0.16,0
0.16467,0
0.1087,0
0.11662,0
0.199,0
0.13611,0
0.05325,0
0.068,0
0.09018,0
0.03817,0
0.05678,0
0.06545,0
0.0598,0
0.0527,0
0.0741,0
0.05278,0
0.05075,0
0.0922,0
0.10833,0
0.09456,0
0.066,0
0.13533,0
0.08467,0
0.0791,0
0.05722,0
0.06773,0
0.066,0
0.08988,0
0.06678,0
0.06056,0
0.0345,0
0.0482,0
0.05789,0
0.04733,0
0.0495,0
0.04673,0
0.0538,0
0.0463,0
0.0484,0
0.07478,0
0.04062,0
0.0789,0
0.06489,0
0.06456,0
0.07922,0
0.0833,0
0.0704,0
0.0755,0
0.04975,0
0.07409,0
0.09355,0
0.09125,0
0.0584,0
0.084,0
0.044,0
0.08422,0
0.09222,0
0.068,0
0.1378,0
0.08218,0
0.05922,0
0.0856,0
0.0628,0
0.06,0
0.05644,1
0.2125,0
0.10867,1
0.35522,1
0.69912,1
0.26533,1
0.37873,1
0.45286,1
0.74275,1
0.2265,1
0.455,0
0.14017,0
0.1491,0
0.11825,0
0.0645,0
0.1158,0
0.07911,0
0.1225,0
0.1438,0
0.16727,0
0.11311,0
0.1794,0
0.09033,0
0.08486,0
0.17422,1
0.214,0
0.09867,1
0.2023,1
0.85167,1
0.2905,1
0.3438,1
0.34875,1
0.201,1
0.27218,1
0.2898,0
0.0564,0
0.0808,0
0.05025,0
0.07962,0
0.0914,0
0.061,0
0.05567,0
0.1198,0
0.09973,0
0.05567,0
0.0495,0
0.053,0
0.03086,0
0.0802,0
0.12878,0
0.08388,0
0.16062,0
0.1412,0
0.10112,0
0.07455,1
0.25833,0
0.16063,0
0.11073,0
0.07022,0
0.0525,0
0.0704,0
0.0405,0
0.0385,0
0.1279,0
0.06911,0
0.06886,0
0.0698,0
0.04682,0
0.04112,0
0.0482,0
0.07967,0
0.04957,0
0.0883,0
0.08344,0
0.07589,0
0.19955,0
0.0815,0
0.13538,0
0.08245,0
0.07544,0
0.103,0
0.19227,1
0.23067,0
0.12517,1
0.248,0
0.08675,0
0.0885,0
0.121,0
0.17322,0
0.08686,0
0.0785,0
0.1074,0
0.06733,0
0.08018,0
0.1109,0
0.04986,0
0.0749,0
0.06511,0
0.0542,1
0.4279,1
0.297,1
0.25338,0
0.16118,0
0.07389,0
0.0615,0
0.069,0
0.05633,0
0.05317,0
0.06711,0
0.055,0
0.05789,0
0.07589,0
0.11033,0
0.10156,0
0.10375,0
0.1051,0
0.14178,0
0.06591,0
0.0549,0
0.02486,0
0.0566,0
0.042,0
0.0549,0
0.0835,0
0.0812,0
0.15725,0
0.12318,0
0.093,0
0.07429,1
0.2172,0
0.11362,0
0.083,0
0.05038,0
0.0535,0
0.05711,0
0.05722,0
0.058,0
0.09322,0
0.05589,0
0.0413,0
0.04333,0
0.0462,0
0.0476,0
0.08762,0
0.0896,0
0.0845,0
0.0741,0
0.04411,0
0.03525,0
0.0465,0
0.07591,0
0.05225,0
0.05688,0
0.0661,0
0.06175,0
0.06214,0
0.06862,0
0.03838,0
0.06467,0
0.04978,0
0.05462,0
0.0903,0
0.06389,0
0.0357,0
0.05233,0
0.05036,0
0.0739,0
0.04071,0
0.0743,0
0.05125,0
0.0598,0
0.14688,0
0.08738,0
0.08189,0
0.0692,0
0.09456,0
0.0808,0
0.08655,0
0.1076,0
0.07812,0
0.09367,0
0.03775,0
0.05089,0
0.0619,0
0.09013,0
0.0803,0
0.05589,0
0.0519,0
0.0539,0
0.0583,0
0.0496,0
0.02929,0
0.058,0
0.04186,0
0.04967,0
0.07438,0
0.03962,0
0.06011,0
0.053,0
0.05775,0
0.0533,0
0.055,0
0.05967,0
0.09611,0
0.06422,0
0.032,0
0.05137,0
0.06422,0
0.06057,0
0.061,0
0.04267,0
0.041,0
0.04078,0
0.057,0
0.0641,0
0.0685,0
0.0812,0
0.05475,0
0.0826,0
0.04575,0
0.04038,0
0.12889,0
0.11873,0
0.07044,0
0.0619,0
0.064,0
0.06933,0
0.08322,0
0.05838,0
0.03614,0
0.0642,0
0.0845,0
0.03167,0
0.068,0
0.06033,0
0.04278,0
0.0443,0
0.05382,0
0.0452,0
0.053,0
0.0598,0
0.04575,0
0.0431,0
0.07388,0
0.1075,1
0.21825,1
0.3413,0
0.09756,0
0.09891,0
0.0646,0
0.10178,0
0.06967,0
0.05757,0
0.02814,0
0.0521,0
0.0661,0
0.0325,0
0.06889,0
0.05056,0
0.046,0
0.053,0
0.06782,0
0.059,0
0.06738,0
0.0938,0
0.05662,0
0.0852,0
0.092,0
0.16567,1
0.4805,0
0.144,0
0.18167,0
0.18667,0
0.076,0
0.075,0
0.10162,0
0.108,0
0.06913,0
0.0713,0
0.0707,0
0.043,0
0.08578,0
0.0691,0
0.06022,0
0.07133,0
0.0727,0
0.06411,0
0.06062,0
0.1372,0
0.084,0
0.08033,0
0.11975,0
0.12811,0
0.05662,0
0.0867,0
0.16111,1
0.33809,0
0.1475,0
0.18375,0
0.17262,0
0.08843,0
0.04875,0
0.1109,0
0.08856,0
0.068,0
0.095,0
0.05082,0
0.07967,0
0.0643,0
0.0499,0
0.06433,0
0.04625,0
0.0883,0
0.06233,0
0.05367,0
0.09867,0
0.0849,0
0.07089,0
0.1326,0
0.09188,0
0.09418,0
0.0785,0
0.10657,0
0.063,0
0.10267,0
0.06525,0
0.1001,0
0.04811,0
0.04767,0
0.08,0
0.05864,0
0.06467,0
0.0459,0
0.0617,0
0.03986,0
0.05612,0
0.07945,0
0.06622,0
0.08722,0
0.06489,0
0.05956,0
0.0592,0
0.1137,0
0.08925,0
0.097,0
0.0776,0
0.05471,0
0.0544,0
0.06744,0
0.03888,0
0.04389,0
0.05811,0
0.03917,0
0.0665,0
0.04318,0
0.04711,0
0.061,0
0.0471,0
0.04257,0
0.04278,0
0.0839,0
0.04556,0
0.04822,0
0.03978,0
0.06633,0
0.10473,0
0.0575,0
0.04912,0
0.08709,0
0.0896,0
0.055,0
0.0603,0
0.05012,0
0.04475,0
0.0734,0
0.04678,0
0.04167,0
0.0666,0
0.054,0
0.047,0
0.0407,0
0.039,0
0.03043,0
0.0505,0
0.0841,0
0.04611,0
0.059,0
0.056,0
0.05788,0
0.14591,0
0.0927,0
0.07,0
0.08,0
0.0567,0
0.0462,0
0.1134,0
0.07838,0
0.06575,0
0.1582,0
0.15,1
0.225,0
0.107,0
0.0824,0
0.067,0
0.0639,0
0.09,0
0.04386,0
0.0975,0
0.06867,0
0.05438,0
0.1162,0
0.0909,0
0.09975,0
0.11918,0
0.1249,0
0.12575,1
0.22045,0
0.19389,0
0.1254,0
0.1335,0
0.09862,0
0.04812,0
0.08433,0
0.14544,0
0.06871,0
0.0823,0
0.0546,0
0.05625,0
0.06609,0
0.099,0
0.04886,0
0.0497,0
0.05633,0
0.06422,1
0.3991,0
0.1122,0
0.124,0
0.13918,0
0.08767,0
0.19275,0
0.16118,0
0.10267,0
0.0605,0
0.0769,0
0.075,0
0.03012,0
0.10667,0
0.06067,0
0.0825,0
0.05122,0
0.0458,0
0.05467,0
0.06182,0
0.0634,0
0.04743,0
0.0512,0
0.06075,0
0.0678,0
0.06582,0
0.0682,1
0.22838,0
0.13136,0
0.08378,0
0.04729,0
0.05291,0
0.08144,0
0.188,0
0.07322,0
0.05888,0
0.064,0
0.054,0
0.07833,0
0.07244,0
0.03438,0
0.0433,0
0.04856,0
0.06118,0
0.05236,0
0.04,0
0.0652,0
0.05388,0
0.0522,0
0.0675,0
0.0893,0
0.05056,0
0.07345,0
0.04038,0
0.0415,0
0.06145,0
0.071,0
0.06171,0
0.06811,0
0.0545,0
0.06389,0
0.04733,0
0.06233,0
0.0949,0
0.0375,0
0.0476,0
0.047,0
0.06255,0
0.072,0
0.02814,0
0.0677,0
0.07212,0
0.0564,0
0.0765,0
0.03488,0
0.05513,0
0.06809,0
0.05737,0
0.0602,0
0.08382,0
0.0537,0
0.0545,0
0.07556,0
0.05587,0
0.04678,0
0.03633,0
0.065,0
0.0818,0
0.041,0
0.0431,0
0.04678,0
0.0534,0
0.0509,0
0.05275,0
0.0847,0
0.05775,0
0.0474,0
0.05322,0
0.03712,0
0.05656,0
0.0554,0
0.0425,0
0.0581,0
0.06473,0
0.0689,0
0.0745,0
0.081,0
0.044,0
0.04056,0
0.0513,0
0.074,0
0.0831,0
0.05156,0
0.031,0
0.0441,0
0.0423,0
0.0477,0
0.04462,0
0.06978,0
0.0655,0
0.0719,0
0.07333,0
0.036,0
0.06289,0
0.0979,0
0.067,0
0.098,0
0.0775,0
0.0958,0
0.09411,0
0.06688,0
0.04538,0
0.0564,0
0.0555,0
0.07425,0
0.0608,0
0.05533,0
0.02711,0
0.05222,0
0.0418,0
0.0484,0
0.04775,0
0.0629,0
0.03643,0
0.0536,0
0.07289,0
0.04412,0
0.07725,0
0.08182,0
0.04978,0
0.0468,0
0.0543,0
0.0648,0
0.07244,0
0.04325,0
0.03471,0
0.0572,0
0.05545,0
0.02567,0
0.0803,0
0.059,0
0.03167,0
0.0547,0
0.05191,0
0.0644,0
0.06813,0
0.0627,0
0.04162,0
0.0417,0
0.07678,0
0.06162,0
0.10512,0
0.19709,0
0.10289,0
0.08509,0
0.0736,0
0.1041,0
0.10544,0
0.10686,0
0.05238,0
0.0762,0
0.0552,0
0.03417,0
0.0663,0
0.0567,0
0.04678,0
0.0549,0
0.0436,0
0.06911,0
0.05825,0
0.0935,0
0.055,0
0.04156,0
0.0509,0
0.044,0
0.07578,0
0.0527,0
0.1675,1
0.2905,1
0.222,1
0.33833,0
0.17133,0
0.11438,0
0.0405,0
0.0758,0
0.13327,0
0.038,0
0.1,0
0.06273,0
0.04038,0
0.0858,0
0.0828,0
0.08,0
0.07338,0
0.0763,0
0.08911,0
0.05256,0
0.1163,0
0.07888,0
0.1214,1
0.22222,0
0.08,0
0.0718,0
0.1066,0
0.16363,1
0.33578,0
0.18422,0
0.06188,0
0.0823,0
0.1471,0
0.0535,0
0.09709,0
0.06782,0
0.04562,0
0.0509,0
0.0525,0
0.05978,0
0.05363,0
0.0765,0
0.05589,0
0.06867,0
0.0791,0
0.08967,0
0.0708,0
0.0482,0
0.04875,0
0.0556,0
0.07745,0
0.04971,0
0.06478,0
0.06389,0
0.04025,0
0.0725,0
0.053,0
0.0395,0
0.05745,0
0.05627,0
0.03763,0
0.0506,0
0.043,0
0.06057,0
0.069,0
0.08033,0
0.05362,0
0.0637,0
0.05633,0
0.08056,1
0.23233,1
0.2018,0
0.0465,0
0.0597,0
0.07373,0
0.05971,0
0.05289,0
0.08722,0
0.032,0
0.04833,0
0.06378,0
0.034,0
0.069,0
0.04855,0
0.03188,0
0.05118,0
0.05222,0
0.03783,0
0.05488,0
0.08756,0
0.04712,0
0.0649,0
0.055,0
0.07275,0
0.0622,0
0.0612,0
0.04038,0
0.0515,0
0.0603,0
0.05917,0
0.05589,0
0.07522,0
0.02157,0
0.06678,0
0.044,0
0.02883,0
0.07182,0
0.04209,0
0.02586,0
0.0442,0
0.04467,0
0.033,0
0.0559,0
0.0794,0
0.06656,0
0.06655,0
0.057,0
0.04162,0
0.11391,1
0.2515,0
0.04238,0
0.0691,0
0.065,0
0.0338,0
0.1576,0
0.17225,0
0.15788,0
0.1232,0
0.09311,0
0.055,0
0.115,0
0.11427,0
0.03629,0
0.07218,0
0.05456,0
0.04343,0
0.1079,0
0.083,0
0.073,1
0.2416,0
0.103,0
0.1255,0
0.12227,1
0.22478,0
0.08462,0
0.14255,0
0.07778,0
0.0324,0
0.0791,0
0.05757,0
0.05475,0
0.05522,0
0.07089,0
0.059,0
0.08878,0
0.09582,0
0.07514,0
0.08336,0
0.07012,0
0.041,0
0.06844,0
0.102,0
0.0915,0
0.17018,0
0.1014,1
0.348,1
0.38909,0
0.10989,0
0.071,0
0.13427,1
0.47186,1
0.2682,1
0.20022,0
0.10843,0
0.11812,0
0.1681,0
0.12522,0
0.08188,0
0.05875,0
0.1698,0
0.187,0
0.144,1
0.3303,0
0.11688,0
0.1282,0
0.08212,0
0.1307,0
0.1467,0
0.1037,0
0.08438,0
0.08045,0
0.12978,1
0.23943,0
0.10464,0
0.15344,1
0.22133,0
0.15344,0
0.06557,0
0.10778,0
0.07022,0
0.08756,0
0.07589,0
0.05112,0
0.0536,0
0.06156,0
0.05382,0
0.05791,0
0.03757,0
0.0635,0
0.04638,0
0.0636,0
0.062,0
0.16933,0
0.11188,0
0.07555,0
0.05537,0
0.05167,0
0.06118,0
0.066,0
0.07414,0
0.09967,0
0.07786,0
0.06122,0
0.05933,0
0.05611,0
0.091,0
0.05162,0
0.0606,0
0.06078,0
0.05764,0
0.08127,0
0.04271,0
0.0502,0
0.04911,0
0.0594,0
0.0621,0
0.05,0
0.05722,0
0.0606,0
0.04988,0
0.05422,0
0.0703,0
0.1273,0
0.16857,0
0.096,0
0.05014,0
0.09267,0
0.107,0
0.08962,0
0.1047,0
0.05925,0
0.055,0
0.06057,0
0.0533,0
0.0591,0
0.07625,0
0.06656,0
0.06943,0
0.0569,0
0.04378,0
0.03475,0
0.06189,0
0.0584,0
0.04888,0
0.09122,1
0.2564,0
0.1896,0
0.07257,0
0.07212,0
0.04043,0
0.0691,0
0.07,0
0.09175,0
0.0769,0
0.04225,0
0.0481,0
0.05525,0
0.0557,0
0.0511,0
0.05788,0
0.05789,0
0.04112,0
0.0438,0
0.04378,0
0.04925,0
0.049,0
0.0687,0
0.09544,0
0.0691,0
0.0551,0
0.0655,0
0.08778,0
0.06038,0
0.02417,0
0.0713,0
0.0593,0
0.03617,0
0.061,0
0.03613,0
0.04433,0
0.0736,0
0.0485,0
0.0494,0
0.0705,0
0.1276,0
0.111,0
0.1463,0
0.17489,0
0.17175,0
0.15556,1
0.46912,1
0.30333,1
0.22512,1
0.2868,1
0.3057,1
0.27589,1
0.2055,1
0.22757,0
0.1067,0
0.07482,0
0.04917,0
0.0727,0
0.059,0
0.12811,0
0.10689,0
0.0615,0
0.0616,0
0.076,0
0.0875,0
0.05088,0
0.0572,0
0.05233,0
0.0515,0
0.059,0
0.0757,0
0.08944,0
0.06611,0
0.0742,0
0.0959,0
0.06138,0
0.04714,0
0.03,0
0.0714,0
0.07764,0
0.03783,0
0.0636,0
0.07089,0
0.04833,0
0.04522,0
0.04644,0
0.06844,0
0.06475,0
0.07922,0
0.033,0
0.04444,0
0.0619,0
0.046,0
0.0801,0
0.0545,0
0.058,0
0.0868,0
0.0574,0
0.07767,0
0.049,0
0.08457,0
0.03383,0
0.06722,0
0.06589,0
0.0285,0
0.0621,0
0.0483,0
0.03589,0
0.0662,0
0.04378,0
0.05378,0
0.04,0
0.071,0
0.03314,0
0.04311,0
0.0521,0
0.04556,0
0.0631,0
0.0767,0
0.06675,0
0.0799,0
0.06945,0
0.06112,0
0.05738,0
0.07312,0
0.04129,0
0.065,0
0.047,0
0.02267,0
0.08055,0
0.0629,0
0.04778,0
0.0745,0
0.04522,0
0.05756,0
0.04038,0
0.05856,0
0.12011,0
0.07311,0
0.0873,0
0.089,0
0.1974,0
0.1259,0
0.13738,0
0.1515,0
0.159,0
0.17487,0
0.14733,0
0.08544,0
0.0915,0
0.0967,0
0.06111,0
0.02917,0
0.06145,0
0.04636,0
0.04212,0
0.05973,0
0.04189,0
0.05788,0
0.06956,0
0.0758,0
0.054,0
0.0615,0
0.0569,0
0.15056,0
0.18882,0
0.1199,0
0.08388,0
0.0986,0
0.0645,0
0.08443,0
0.1455,0
0.11356,0
0.08775,0
0.1024,0
0.06578,0
0.04417,0
0.08564,0
0.05682,0
0.05862,0
0.06309,0
0.043,0
0.03357,0
0.07067,0
0.06511,0
0.04378,0
0.05818,0
0.101,0
0.0655,0
0.08291,0
0.14222,0
0.0535,0
0.0554,0
0.0512,0
0.07286,0
0.0681,0
0.088,0
0.04175,0
0.0613,0
0.05322,0
0.02267,0
0.06609,0
0.04745,0
0.03788,0
0.0515,0
0.0395,0
0.02971,0
0.056,0
0.0936,0
0.0683,0
0.06473,0
0.08909,0
0.04912,0
0.07118,0
0.0986,0
0.044,0
0.0567,0
0.05556,0
0.089,0
0.0539,0
0.07633,0
0.04087,0
0.05311,0
0.06533,0
0.026,0
0.07282,0
0.05782,0
0.02957,0
0.0564,0
0.04612,0
0.02757,0
0.0643,0
0.0812,0
0.04244,0
0.06245,0
0.06464,0
0.05388,0
0.07536,0
0.09278,0
0.05488,1
0.38767,1
0.31411,1
0.541,1
0.452,1
0.53033,1
0.79657,1
0.3178,0
0.15356,0
0.06957,0
0.0824,0
0.0565,0
0.05262,0
0.0738,0
0.08475,0
0.05714,0
0.08322,0
0.077,0
0.0616,0
0.07173,0
0.09173,0
0.14075,0
0.11273,0
0.10467,0
0.06043,0
0.0691,1
0.249,0
0.11257,0
0.1215,0
0.04886,0
0.07156,0
0.06256,0
0.06289,0
0.06812,0
0.06033,0
0.066,0
0.06963,0
0.05682,0
0.0694,0
0.04612,0
0.0463,0
0.06456,0
0.0574,0
0.0525,0
0.09645,0
0.092,0
0.15564,0
0.102,0
0.09143,1
0.2492,0
0.12656,0
0.09471,0
0.12356,1
0.20171,0
0.16333,0
0.15844,0
0.102,0
0.06767,0
0.05333,0
0.0402,0
0.05525,0
0.0441,0
0.06982,0
0.03557,0
0.0632,0
0.06278,0
0.061,0
0.05144,0
0.17967,1
0.472,0
0.15836,1
0.34671,1
0.2926,0
0.15156,1
0.23567,0
0.09586,0
0.14829,0
0.09986,0
0.14011,0
0.09973,0
0.08738,0
0.0787,0
0.05033,0
0.0479,0
